name,price,deal,shop_name,location,url
真无线蓝牙耳机适用苹果二代11华为oppo小米iPhone12华强北3洛达耳机三代tws蓝牙超长待机降噪男女生专用,138.00,10万+人付款,金运涨沙专卖店,广东 深圳,https://click.simba.taobao.com/cc_im?p=%B6%FA%BB%FA&s=1525536654&k=633&e=py36t626n5rnQ3YU5N%2FjGIeGThQKPdmZGp9A56z9Qu74laVtQNkPw7NpnK4bVDfTnMu0So2QiJaPi74utUIqXD1NmI399wLc9Qy1GpihzT7Dfn7vOIDDJMXGEob8GrzXqdCoMzh0p%2BEL9GxvDgLFTG9LXOANgj3ea75XsMkVXa80arDZyJxXRgRaRyzt%2BbUKBwjmmv2rkjYIB1T4wO%2FXsGaqxCaQqozZLeaMARBdRtPHqco1juKeBksyq6tkEA5PI18ErbSxvENhvvlshcaKZKYrq7YUG8qIbwKqv1aYS5%2FWT%2B7xf6Be7sxBreMmhJImwCDEnuawifgybqHW3QA4xiz4hjyQi%2BdKqA%2Fw8cqbyIvSjgsqL%2BGbSHYHxXtoi2PSW61vRI9IXFNX6kpdQpUAsCZRD5Q09%2FAyMYekpFaLavmOlXgfod%2Bvn6TCbvYA%2FWGJQ01KUJHLW0I8ZMR9w6kvgmHCnMaI9I13xPO3eTZ4uqSzbm0TM%2Fxf1kVNYi644r1FSt%2FCFKfZcbOPWwCA2MLTa7wYmGrnpzK%2F9J1Eh0vNWUa%2BEEVbpi7aHzL2UIJcN5Lr%2BbgkMBwtb9lrWPbCjO%2FQAbsBnc%2FTX5kxftcyIJ65heBEhsFW1K9iSQ%3D%3D
【薛之谦联名】漫步者Fitpods dsp真无线蓝牙耳机运动跑步主动降噪双耳入耳式2021年新款高端适用于苹果华为,399.00,100+人付款,漫步者靓敏专卖店,上海,https://click.simba.taobao.com/cc_im?p=%B6%FA%BB%FA&s=1525536654&k=641&e=rxc54JGn6vXnQ3YU5N%2FjGIeGThQKPdmZGp9A56z9Qu74laVtQNkPw7NpnK4bVDfTnMu0So2QiJYY1Lz3umtx7DcXq65fu7Df9Qy1GpihzT7Dfn7vOIDDJMXGEob8GrzXqdCoMzh0p%2BEL9GxvDgLFTG9LXOANgj3ea75XsMkVXa80arDZyJxXRgRaRyzt%2BbUKBwjmmv2rkjYIB1T4wO%2FXsGaqxCaQqozZLeaMARBdRtPHqco1juKeBksyq6tkEA5P6U7RpukuU6QRj9DboClEe1N2JXp3dzPB%2FCBbfhzrQAKFk15DEQLYEnDeGdJbhSNG4iwD7%2F3kH2znWZM4wxTn0iz4hjyQi%2BdKqA%2Fw8cqbyIvSjgsqL%2BGbSHYHxXtoi2PSW61vRI9IXFM%2Fzrph8Leg83bm3TXMbolOMYekpFaLavnf4rT%2FDK%2FdhmNOXExrVmQUncFHC%2Fy9A%2Blpw6zyPgpQ15QF33JYH%2Buw5JovCXb1B8OkKmqEcB%2BDbgQFLv%2F5VaWmNyilW8tJCKsufvS4t97xelOi4GCJDmVggGRsA3V4FMbk0QyTn8XrNPkuSH3MXgFpyuqVRLy9vLOSvQhw61B19lzbtJujgthPljMf%2BlrXBwhDZmhbI7NRY9NlceLlEq%2B3
漫步者LolliPods Pro真无线蓝牙耳机主动降噪2021年新款双耳入耳式适用于苹果安卓lollipopspro,379.00,1000+人付款,漫步者靓敏专卖店,上海,https://click.simba.taobao.com/cc_im?p=%B6%FA%BB%FA&s=1525536654&k=641&e=TK81PaOPyCLnQ3YU5N%2FjGIeGThQKPdmZGp9A56z9Qu74laVtQNkPw7NpnK4bVDfTnMu0So2QiJYY1Lz3umtx7GKi5LFusLkI9Qy1GpihzT7Dfn7vOIDDJMXGEob8GrzXqdCoMzh0p%2BEL9GxvDgLFTG9LXOANgj3ea75XsMkVXa80arDZyJxXRgRaRyzt%2BbUKBwjmmv2rkjYIB1T4wO%2FXsGaqxCaQqozZLeaMARBdRtPHqco1juKeBksyq6tkEA5P7yblnxMWB7kEdjLlRGQ5%2BHDbH6dAnjDJMRK7OLjVzj5OevtO6Cm%2Fn83G4EdqaXSEQrTCjBcM4%2F%2BGJmsFG3Eb5Cz4hjyQi%2BdKqA%2Fw8cqbyIvSjgsqL%2BGbSHYHxXtoi2PSW61vRI9IXFO2wWnmbhEd%2BZA2Us3tUUKBMYekpFaLavmOlXgfod%2Bvn2LfqVstQ6R%2BPugiDKCkmyRLd7NqxiNqu%2FxRzY2S9tuQu%2BhA4DXm1Y2kKmqEcB%2BDbjS8UYvE%2FqXnQyMcYo6eztBfQb7VkuK12uhaucGUkUKCsUT2k0zlWP5gGr66T1DEtbkqeC9pSH46fWcUXsGb5m9LZziTadr1EDgf6yhMTYLZcP%2Bg3M5TNmfe6pKo%2FOgYC6Q%2FKN%2B13UER
华为FreeBuds4i无线耳机蓝牙耳机主动降噪入耳式,499.00,6000+人付款,华为官方旗舰店,广东 深圳,https://detail.tmall.com/item.htm?id=637665939466&ns=1&abbucket=3
【评价抽10元红包】Redmi Buds 3真无线蓝牙耳机通话降噪小米红米,199.00,8000+人付款,小米官方旗舰店,北京,https://detail.tmall.com/item.htm?id=655969175894&ns=1&abbucket=3
小米真无线蓝牙耳机Air2 SE通话降噪小米官方旗舰店适用苹果华为,169.00,1万+人付款,小米官方旗舰店,北京,https://detail.tmall.com/item.htm?id=616670100816&ns=1&abbucket=3
【官方正品】华为FreeBuds Pro无线充版主动降噪无线蓝牙耳机,899.00,2000+人付款,华为官方旗舰店,广东 深圳,https://detail.tmall.com/item.htm?id=626842106278&ns=1&abbucket=3
【旗舰店】HP/惠普电脑耳机头戴式电竞游戏专用降噪有线耳麦带麦麦克风台式笔记本手机吃鸡话筒听声辩位网吧,69.00,9000+人付款,惠普中国官方旗舰店,广东 广州,https://detail.tmall.com/item.htm?id=629335938033&ns=1&abbucket=3
EDIFIER/漫步者 W200BT plus无线蓝牙耳机双耳挂脖式运动跑步挂耳式入耳式耳麦安卓通用超长待机超长续航,139.00,1万+人付款,漫步者官方旗舰店,上海,https://detail.tmall.com/item.htm?id=633887364689&ns=1&abbucket=3
EDIFIER/漫步者HECATE GT4真无线蓝牙耳机游戏电竞双耳单耳立体声降噪居家户外跑步超长续航随身携带超低延迟,269.00,3000+人付款,漫步者官方旗舰店,上海,https://detail.tmall.com/item.htm?id=648414064093&ns=1&abbucket=3
OPPO蓝牙耳机2021年新款真无线降噪游戏运动耳机蓝牙适配苹果华为,109.00,1万+人付款,oppo官方旗舰店,广东 东莞,https://detail.tmall.com/item.htm?id=643262834721&ns=1&abbucket=3
[下拉领天猫券减80 券后779元起]原装Apple/苹果AirPods 2代无线蓝牙耳机 国行入耳式耳麦iPhone手机配充电盒,1019.00,2000+人付款,翼天下天翼电信旗舰店,江苏 南京,https://detail.tmall.com/item.htm?id=595153426657&ns=1&abbucket=3
Apple#苹果原装正品耳机iPhone7/8plus/X/11/12/13入耳式XS/MAX/XR手机原厂EarPods有线扁头Lightning耳塞pro,139.00,3000+人付款,中国电信官方旗舰店,江苏 南京,https://detail.tmall.com/item.htm?id=604017573029&ns=1&abbucket=3
[百亿补贴]原装Apple/苹果AirPods Pro真无线蓝牙耳机iPhone手机入耳式国行3代运动主动降噪配无线充电盒,1809.00,4000+人付款,翼天下天翼电信旗舰店,江苏 南京,https://detail.tmall.com/item.htm?id=635706772450&ns=1&abbucket=3
华为原装正品AM115/AM116耳机#原配高音质半入耳式3.5mm圆孔有线手机线控官方P30P40P50proMate20安卓荣耀,36.00,2万+人付款,中国电信官方旗舰店,江苏 南京,https://detail.tmall.com/item.htm?id=605414298516&ns=1&abbucket=3
有线蓝牙耳机颈挂脖式大电量超长待机续航运动久戴不痛入耳式降噪,18.80,2000+人付款,三金科技数码,广东 深圳,https://item.taobao.com/item.htm?id=650946073287&ns=1&abbucket=3#detail
OPPO蓝牙耳机EncoAir真无线半入耳运动游戏降噪耳机适配苹果华为,199.00,9000+人付款,oppo官方旗舰店,广东 东莞,https://detail.tmall.com/item.htm?id=643007454364&ns=1&abbucket=3
【直营国行】Apple/苹果 AirPods Pro耳机三代原装正品 全国联保,1698.00,2000+人付款,天猫国际进口超市国内现货,上海,https://detail.tmall.com/item.htm?id=628955323917&ns=1&abbucket=3
Sony/索尼WH-1000XM3无线蓝牙降噪耳机苹果 头戴式护耳耳麦运动,1878.00,500+人付款,天猫国际进口超市,浙江 杭州,https://detail.tmall.com/item.htm?id=584463174253&ns=1&abbucket=3
【抢150台5折赠礼盒】vivo TWS 2真无线降噪新品蓝牙耳机vivotws2,499.00,2000+人付款,vivo手机官方旗舰店,广东 东莞,https://detail.tmall.com/item.htm?id=643748895901&ns=1&abbucket=3
诺西N1耳机头戴式电脑耳机台式电竞游戏耳麦带麦克风吃鸡听声辩位USB有线带话筒台式机笔记本手机通用,29.80,2万+人付款,百数汇数码专营店,广东 深圳,https://detail.tmall.com/item.htm?id=538033221802&ns=1&abbucket=3
【急速发货】Apple苹果耳机有线EarPods适用iPhone11/12/13promax,149.00,7000+人付款,天猫国际进口超市,浙江 杭州,https://detail.tmall.com/item.htm?id=655078923512&ns=1&abbucket=3
【官方直营】Sony/索尼 WH-1000XM3 头戴式无线降噪蓝牙耳机1000X,1509.00,1000+人付款,索尼官方旗舰店,上海,https://detail.tmall.com/item.htm?id=577955986589&ns=1&abbucket=3
超长待机蓝牙耳机挂脖式插卡运动高电量续航适用华为苹果安卓小米,25.90,2000+人付款,tb929386_2013,广东 深圳,https://item.taobao.com/item.htm?id=646185488098&ns=1&abbucket=3#detail
HUAWEI/华为FreeBuds 4i无线蓝牙耳机主动降噪freebuds 4i长续航,499.00,1000+人付款,天猫超市,上海,https://detail.tmall.com/item.htm?id=638174645024&ns=1&abbucket=3
现货 Huawei/华为FreeBuds4真无线蓝牙耳机运动降噪耳机freebuds4,899.00,900+人付款,天猫超市,上海,https://detail.tmall.com/item.htm?id=645585929488&ns=1&abbucket=3
[官方直营] Sony/索尼 WF-1000XM4 旗舰款真无线蓝牙主动降噪耳机,1699.00,2000+人付款,索尼官方旗舰店,上海,https://detail.tmall.com/item.htm?id=643027217899&ns=1&abbucket=3
【现货 顺丰速发】Apple AirPods 2代 无线蓝牙耳机 配充电盒,1095.00,3000+人付款,天猫超市,上海,https://detail.tmall.com/item.htm?id=616506292338&ns=1&abbucket=3
【现货 顺丰速发】Apple/苹果 AirPods Pro 主动降噪无线蓝牙耳机,1878.00,2000+人付款,天猫超市,上海,https://detail.tmall.com/item.htm?id=616797201943&ns=1&abbucket=3
真无线蓝牙耳机适用苹果二代11华为oppo小米iPhone12华强北3洛达耳机三代tws蓝牙超长待机降噪男女生专用,138.00,5万+人付款,佩哲数码专营店,广东 深圳,https://detail.tmall.com/item.htm?id=642730461095&ns=1&abbucket=3
【官方】1562m真无线蓝牙耳机适用于苹果iPhone13双耳2021年新款12pro华强北二代原装高端男女士正品tws洛达,115.00,2000+人付款,卡波昂旗舰店,广东 深圳,https://detail.tmall.com/item.htm?id=655650445576&ns=1&abbucket=3
荣耀亲选蓝牙耳机真无线耳机双耳运动降噪入耳式Earbuds X1手机50,169.00,6000+人付款,荣耀官方旗舰店,广东 深圳,https://detail.tmall.com/item.htm?id=616667132845&ns=1&abbucket=3
【新品上市】ALIENWARE外星人AW510H无线蓝牙耳机头戴式降噪音乐游戏电竞手机电脑有线女生AW521BR,899.00,500+人付款,alienware外星人旗舰店,北京,https://detail.tmall.com/item.htm?id=600163551304&ns=1&abbucket=3
蓝牙耳机真无线女士款typec充电女生2021年新款原装正品pro半入耳式降噪高端运动型适用于苹果Huawei华为手机,138.00,2000+人付款,卡波昂旗舰店,广东 深圳,https://detail.tmall.com/item.htm?id=656020402725&ns=1&abbucket=3
荣耀亲选Earbuds X2真无线蓝牙耳机运动通话降噪长续航防水官方,199.00,7000+人付款,荣耀官方旗舰店,广东 深圳,https://detail.tmall.com/item.htm?id=655701174559&ns=1&abbucket=3
联想Y360/Y480拯救者游戏7.1声道电竞耳机头戴式吃鸡耳麦电脑带麦,139.00,3000+人付款,联想官方旗舰店,上海,https://detail.tmall.com/item.htm?id=568618479089&ns=1&abbucket=3
Apple/苹果 AirPods Pro3代/airpods原装无线蓝牙耳机iPhone耳麦,1659.00,200+人付款,宏音伟业数码专营,广东 深圳,https://detail.tmall.com/item.htm?id=627841033436&ns=1&abbucket=3
Huawei/华为FreeBuds2Pro无线耳机单只左耳右耳充电仓原装配件h2s,89.00,19人付款,濯濯沁水,广东 广州,https://item.taobao.com/item.htm?id=606823828037&ns=1&abbucket=3#detail
无线蓝牙耳机入耳式双耳适用于苹果华为pro3代安卓小米,129.00,35人付款,琳晓数码专营店,广东 深圳,https://detail.tmall.com/item.htm?id=618074051933&ns=1&abbucket=3
漫步者HECATE GM3真无线游戏蓝牙耳机双耳入耳式电竞无感延迟吃鸡专用运动跑步降噪2021年新款适用于苹果华为,209.00,5000+人付款,漫步者音派专卖店,广东 广州,https://detail.tmall.com/item.htm?id=642367324809&ns=1&abbucket=3
韶音AfterShokz AS800骨传导蓝牙耳机无线运动型跑步挂耳Aeropex,1188.00,4000+人付款,aftershokz旗舰店,广东 深圳,https://detail.tmall.com/item.htm?id=596601580816&ns=1&abbucket=3
新品]Bose QuietComfort Earbuds真无线蓝牙消噪运动降噪大鲨耳机,1325.00,500+人付款,千冠电子,上海,https://item.taobao.com/item.htm?id=628419247847&ns=1&abbucket=3#detail
联想TH10无线蓝牙耳机头戴式可连电脑台式机笔记本专用手机电视通用电竞游戏带麦隔音降噪有线耳麦男款学生,129.00,3000+人付款,联想华荣专卖店,广东 广州,https://detail.tmall.com/item.htm?id=649301326382&ns=1&abbucket=3
倍思蓝牙耳机头戴式无线手机电脑通用耳麦游戏语音运动音乐降噪蓝牙耳麦全包耳适用于苹果华为小米超长续航,158.00,1万+人付款,baseus倍思旗舰店,浙江 杭州,https://detail.tmall.com/item.htm?id=634714753765&ns=1&abbucket=3
Redmi Buds 3真无线蓝牙耳机半入耳式降噪运动跑步双耳小米红米,109.00,2000+人付款,乐购科技连锁店,广东 深圳,https://item.taobao.com/item.htm?id=655662119929&ns=1&abbucket=3#detail
【带32G内存】英国sanag骨传导蓝牙耳机无线运动型跑步健身不入耳男女感挂耳脖式痛续航2021年新款适用于华为,169.00,9000+人付款,sanag旗舰店,广东 深圳,https://detail.tmall.com/item.htm?id=640509988528&ns=1&abbucket=3
真无线蓝牙耳机双耳运动型入耳式高音质高端2021年新款男女士款降噪高颜值征骑兵tws适用于苹果vivo华为oppo,29.80,8万+人付款,征骑兵旗舰店,广东 深圳,https://detail.tmall.com/item.htm?id=574341397520&ns=1&abbucket=3
新款 Bose博士消噪耳塞礼盒真无线蓝牙主动降噪运动耳机大鲨AYAYI,2299.00,600+人付款,bose旗舰店,上海,https://detail.tmall.com/item.htm?id=653938529344&ns=1&abbucket=3
【24期免息】Sony/索尼 IER-Z1R 圈铁混合耳机动铁入耳式Hifi耳机4.4平衡适合WM1A/1Z,13599.00,5人付款,金索数码专营店,湖北 武汉,https://click.simba.taobao.com/cc_im?p=%B6%FA%BB%FA&s=1882116423&k=685&e=%2Fg1VO4hZmDA6Y54%2BWUFzuK0FjV2%2FgKVKiuGV1YweMqfkfVgDxqhcPhwWpCrzEK8wq4NPpqtzJnkwzI%2BxGrJudsUe%2Bic%2BuerZKqF0tMNhXHM2HXqtnscr%2BuO4ZkY6h16uWbY%2FoN%2FkZxgDJHwa6GQFArLfe8fGDV1ROoadkoYqcpPyZ7n1ZAvs4gLvFquh%2F3Rn912WhYjCdJd08nGcxlbPGRAEsf6tI0ymqfH13VcpUD5u7eQ3Od3XgqipuyXGEMREEFKUEhLzeKjoxKfkwGHUrUMinoBVvW%2By0dIjrBjEWYuutPdAGEclSVTLGH2xcB2yK7EBjPo8LE%2BEwKZiFM5%2BRZRwJigBgBERuMqhRghDllWno6BpduddnHWEH6CZ%2BVIu5nFhZGQVJa8yqWpeqC8MFCRLXDAytduQfluJBNV5Yt56X3L70XODdLjDaIhxkSkxJJJ1ZVyyWG4QBLH%2BrSNMpqnx9d1XKVA%2Bbu3kNznd14LHU08%2BON%2BVeZaDrB8bdBYQRbm0kwvHcPEasqaMG%2FQULHdE%2BLErTW8W4cmCsZaoIm8PDmPz%2B%2BqhkbfBeDBcQKI5oRCsENFGwnEmYQXoPKSqdQrZ9LEXkOwKksGOuI2PY4dftL6jSwrCfd8AmLXkX7WCnlKFNhQlIwbL4Vg%2BRwSxm7RJ8Hkgkkam04jWtwGHfec%3D
E18适用安卓有线麦耳塞智能通话调音听歌入耳式手机耳机厂家批发,1.74,700+人付款,blt通讯大批发,广东 惠州,https://click.simba.taobao.com/cc_im?p=%B6%FA%BB%FA&s=1882116423&k=633&e=2ASijuK6WMY6Y54%2BWUFzuK0FjV2%2FgKVKiuGV1YweMqfkfVgDxqhcPhwWpCrzEK8wh7oStOZf2nJtwrjANxdGbanCFxFtfXAmKqF0tMNhXHM2HXqtnscr%2BuO4ZkY6h16uWbY%2FoN%2FkZxgDJHwa6GQFArLfe8fGDV1ROoadkoYqcpPyZ7n1ZAvs4gLvFquh%2F3Rn912WhYjCdJd08nGcxlbPGSB8OhzVy%2FCF0IK%2FWXt8RjyBAg22OezP5bqXmrPg10w0jYU9meN8SRqIfrkhBDQtGJoYF7%2Fb2X9tZLpEFof6X%2FmsuSy6LGZfPQFFQYPGupWZZgK4XCNIBPjTbANVdKsdZVF%2BIFZe6o%2FGGt7mWrIJTCAAvL7%2BJVmfVvqJUVsSA3Ja2GMsQdfj%2B8SprLdPYJrOn6sRO5WeQScXiYCT%2FlFPv6%2BL3r1AtW3GG%2BG628CGw38KwotsaX01m7Bb%2B4rY8YLqqSVPeCEssLBZKugFSdbGYIJL8zFoOBkN0uTLNC%2FsWoB4420F3ZmexRmFEXj7ETl%2Fk9Qk6ZnV9I8TaT6cPMUFrSsj%2BBdIeLsMpqXM4zAGfDTtTRc3iZkbCKjS88aQ2g1oURUOhEo8CMCVrKtg6kWowo8pamdCLsv2XA%3D%3D#detail
漫步者品牌MiniBuds有睦堆蓝机双耳真无线入耳式运动跑步隐形迷你小型超长待机续航男女生苹果通用TWS,164.00,1000+人付款,漫步者宏通专卖店,上海,https://click.simba.taobao.com/cc_im?p=%B6%FA%BB%FA&s=1882116423&k=589&e=MmubzseDxbI6Y54%2BWUFzuK0FjV2%2FgKVKiuGV1YweMqfkfVgDxqhcPhwWpCrzEK8wq4NPpqtzJnkpE5ifTXCiRS8IbduBdpGG4ojIPA30y0E2HXqtnscr%2BuO4ZkY6h16uWbY%2FoN%2FkZxgDJHwa6GQFArLfe8fGDV1ROoadkoYqcpPyZ7n1ZAvs4gLvFquh%2F3Rn912WhYjCdJd08nGcxlbPGSB8OhzVy%2FCF%2BRBWGV%2FbwW5wELsF67mmvfA%2FtIkDm6aMEmNmHDSlkK0MdcvvtXWLS0CweuUlZcI8lx%2FWqFjoyis%2BVVQBckcPurpVt4dOjp28BzF5edfOZ6yqRM%2FejR2HUYOE0z6ICxuor%2BaFQF%2B4s6EeoVEFI9EgO4wuZRbbTM%2FyCu379IRLBNuwDZsC%2Bk5RDVgBvNAtqI2EgbMELhSKVvxH4fRKf33jpcuIKe6cK3BxyTOLpkxyCktBAxb6DxXaOJ3%2FYle790OqsPkXtV4DGWgt8u4cNoweHb08K99%2BwU92zgB68%2BKh%2BSR6nLILGv3it%2FEVCV4iAPorkgqlLCA28m0J3yP49bFExz8kBP%2FK5BFaNFbnW6uj8js%3D
森麦独角兽蓝牙耳机真无线双耳降噪半入耳式运动游戏男女生款可爱Tokidoki联名适用于苹果华为小米OPPO通用,158.00,3000+人付款,森麦旗舰店,上海,https://detail.tmall.com/item.htm?id=637990126342&ns=1&abbucket=3
【1号0点抢半价】华为FreeBuds4无线蓝牙耳机主动降噪半入耳式跑步运动耳机超长续航原装正品官方旗舰店,969.00,4000+人付款,华为乐畔专卖店,上海,https://detail.tmall.com/item.htm?id=642869440853&ns=1&abbucket=3
Razer雷蛇北海巨妖标准版X头戴式耳机7.1声道电竞游戏电脑耳麦,249.00,2000+人付款,雷蛇官方旗舰店,上海,https://detail.tmall.com/item.htm?id=597653466281&ns=1&abbucket=3
蓝牙耳机真无线适用于华为mate40原装正品p50双耳Pro30安卓2021年新款高端女士款荣耀typec充电nova8超长续航,138.00,2000+人付款,皓督旗舰店,广东 深圳,https://detail.tmall.com/item.htm?id=649579378422&ns=1&abbucket=3
双十一同价】华为FreeBuds 4无线蓝牙耳机主动降噪半入耳蓝牙耳机,540.00,700+人付款,风过留痕119,上海,https://item.taobao.com/item.htm?id=645186464684&ns=1&abbucket=3#detail
iKF Find Pro第三代真无线蓝牙耳机运动无延迟适用于苹果华为游戏小米vivo双耳电竞oppo半入耳式mate40降噪,159.00,9000+人付款,ikf旗舰店,广东 东莞,https://detail.tmall.com/item.htm?id=631990189099&ns=1&abbucket=3
电脑耳机头戴式耳麦电竞游戏台式笔记本有线吃鸡听声辩位带麦克风话筒网吧专用手机通用无线蓝牙7.1声道单孔,24.90,1万+人付款,智联数码专营,上海,https://detail.tmall.com/item.htm?id=619209631195&ns=1&abbucket=3
漫步者HECATE gx04真无线蓝牙耳机入耳式低延迟电竞游戏吃鸡专用超长待机续航降噪2021年新款适用于华为苹果,339.00,2000+人付款,漫步者音派专卖店,广东 广州,https://detail.tmall.com/item.htm?id=653734673780&ns=1&abbucket=3
【立即付定金】Redmi AirDots3 Pro主动降噪无线蓝牙耳机小米红米,299.00,2万+人付款,小米官方旗舰店,北京,https://detail.tmall.com/item.htm?id=643257710299&ns=1&abbucket=3
【官方正品】华为FreeBuds Pro无线蓝牙耳机有线充主动降噪骨声纹,799.00,3000+人付款,华为官方旗舰店,广东 深圳,https://detail.tmall.com/item.htm?id=627131027231&ns=1&abbucket=3
小米活塞耳机 基础版清新版入耳式女生通用可爱耳麦手机线控耳塞,29.00,4万+人付款,小米官方旗舰店,北京,https://detail.tmall.com/item.htm?id=528992686196&ns=1&abbucket=3
华为FreeBuds4真无线蓝牙耳机半开放主动降噪,999.00,5000+人付款,华为官方旗舰店,广东 深圳,https://detail.tmall.com/item.htm?id=642452056214&ns=1&abbucket=3
EDIFIER/漫步者 H180 plus半入耳式手机通话音乐耳机简便线控通用,49.00,1万+人付款,漫步者官方旗舰店,上海,https://detail.tmall.com/item.htm?id=620968586104&ns=1&abbucket=3
【单依纯同款】EDIFIER/漫步者W820NB头戴式蓝牙无线降噪运动音乐耳机Hi-Res金标,359.00,8000+人付款,漫步者官方旗舰店,上海,https://detail.tmall.com/item.htm?id=647543322760&ns=1&abbucket=3
【活动专享】Apple/苹果AirPods 2代无线蓝牙耳机配有线充电盒 原装国行iPhone手机入耳式麦,1019.00,3000+人付款,翼天下天翼电信旗舰店,江苏 南京,https://detail.tmall.com/item.htm?id=635049553369&ns=1&abbucket=3
【 海外版】Apple/苹果AirPods Pro无线蓝牙主动降噪耳机三代耳麦,1698.00,1000+人付款,天猫国际进口超市,浙江 杭州,https://detail.tmall.com/item.htm?id=617576665240&ns=1&abbucket=3
【12期免息】华为#FreeBuds 4i无线蓝牙耳机骨声纹主动降噪入耳式运动蓝牙耳机超长续航正品官方旗舰店,499.00,2000+人付款,中国电信官方旗舰店,江苏 南京,https://detail.tmall.com/item.htm?id=641029950964&ns=1&abbucket=3
华为原装Type C耳机#手机入耳式CM33原厂正品通用P50P40P30pro P20 mate40/30/20pro nova5/6/7/8 se荣耀50,84.00,6000+人付款,中国电信官方旗舰店,江苏 南京,https://detail.tmall.com/item.htm?id=605446999770&ns=1&abbucket=3
【抢200台5折 赠礼盒】vivo TWS 2e真无线耳机新品蓝牙耳机tws2e,299.00,2000+人付款,vivo手机官方旗舰店,广东 东莞,https://detail.tmall.com/item.htm?id=643406434898&ns=1&abbucket=3
【官方直营】Sony/索尼 WH-1000XM4 高解析度头戴式无线降噪耳机,2329.00,1000+人付款,索尼官方旗舰店,上海,https://detail.tmall.com/item.htm?id=623210973825&ns=1&abbucket=3
SONY索尼 WH-1000XM4头戴式无线蓝牙降噪耳机 2020年最新款耳麦,2398.00,300+人付款,天猫国际进口超市,浙江 杭州,https://detail.tmall.com/item.htm?id=627388693919&ns=1&abbucket=3
适用Huawei华为无线蓝牙耳机2021年新款原装正品运动型p50荣耀P30,49.00,1万+人付款,天天特卖工厂店,浙江 杭州,https://detail.tmall.com/item.htm?id=649717614953&ns=1&abbucket=3
1000XM4 Sony/索尼 WH-1000XM3头戴式无线蓝牙降噪耳机大法三四代,1179.00,400+人付款,世博家园00,上海,https://item.taobao.com/item.htm?id=552275075047&ns=1&abbucket=3#detail
网易 云音乐氧气耳机HIFI入耳式有线 高音质耳塞手机电脑重低音炮降噪吃鸡游戏听声辩位耳麦,99.00,1万+人付款,网易旗舰店,浙江 杭州,https://detail.tmall.com/item.htm?id=567800669397&ns=1&abbucket=3
iKF【小彩盒】Find Pro无线蓝牙耳机新品电竞游戏运动跑步半入耳式适用于苹果安卓华为oppo小米vivo送礼男女,169.00,4000+人付款,ikf旗舰店,广东 东莞,https://detail.tmall.com/item.htm?id=643862588835&ns=1&abbucket=3
联想TC02真无线蓝牙耳机2021年新款入耳式男女超长续航高端颜值迷你运动降噪适用于华为苹果vivo小米oppo索尼,69.00,2万+人付款,新祈源数码专营店,上海,https://detail.tmall.com/item.htm?id=638554582979&ns=1&abbucket=3
漫步者TWS1 pro蓝牙耳机双耳真无线隐形入耳式运动降噪迷你游戏lollipops超长待机续航2021年新款高音质男款,279.00,1000+人付款,漫步者鑫生专卖店,上海,https://detail.tmall.com/item.htm?id=632779834488&ns=1&abbucket=3
真无线蓝牙耳机适用苹果二代11华为oppo小米iPhone12华强北3洛达耳机三代tws蓝牙超长待机降噪男女生专用,138.00,10万+人付款,金运涨沙专卖店,广东 深圳,https://detail.tmall.com/item.htm?id=657046655162&ns=1&abbucket=3
铂典 无线蓝牙耳机2021年新款降噪运动跑步入耳式双耳高音质男女士款颈挂脖式超长续航待机大电量适用于华为,99.00,3000+人付款,星声数码专营店,广东 广州,https://detail.tmall.com/item.htm?id=654823546031&ns=1&abbucket=3
【1号0点双11开抢】Apple/苹果 AirPods Pro 无线蓝牙耳机,1999.00,5000+人付款,苏宁易购官方旗舰店,江苏 南京,https://detail.tmall.com/item.htm?id=608099569511&ns=1&abbucket=3
联想LP40真无线蓝牙耳机游戏电竞tws半入耳式typec充电超强续航超长待机男2021年新款运动型适用苹果华为小米,69.00,1万+人付款,联想华荣专卖店,广东 东莞,https://detail.tmall.com/item.htm?id=637591287077&ns=1&abbucket=3
新款Apple/苹果 AirPods2代 pro原装正品iPhone无线蓝牙耳机国行,898.00,2000+人付款,世博家园00,上海,https://item.taobao.com/item.htm?id=612540660093&ns=1&abbucket=3#detail
原装正品影巨人蓝牙耳机无线适用于华为P40/P30手机nova7/8双耳入耳式mate30官方旗舰店pro荣耀男款女士通用,158.00,1万+人付款,瑞佩特数码专营店,广东 深圳,https://detail.tmall.com/item.htm?id=625863141342&ns=1&abbucket=3
蓝牙耳机无线女士款2021年新款适用苹果oppo华为vivo高颜值女生款可爱男款运动高端半入耳式真无线typec充电,128.00,1万+人付款,信购数码配件专营店,广东 深圳,https://detail.tmall.com/item.htm?id=654016216701&ns=1&abbucket=3
Sony/索尼 WF-1000XM4真无线蓝牙耳机入耳式耳塞3升级降噪豆四代,1999.00,500+人付款,索恋品牌店,上海,https://item.taobao.com/item.htm?id=653390348846&ns=1&abbucket=3#detail
【薇垭推荐】真无线蓝牙耳机适用苹果华为oppo小米vivo2021年新款降噪女士款男运动型跑步高端入耳式原装正品,68.00,3万+人付款,joyroom慕谷专卖店,广东 深圳,https://detail.tmall.com/item.htm?id=598328201606&ns=1&abbucket=3
漫步者GM3真无线蓝牙耳机双耳降噪入耳式游戏吃鸡电竞低延迟运动超长续航2021年新款适用于苹果tws1pro,219.00,3000+人付款,漫步者广州专卖店,广东 广州,https://detail.tmall.com/item.htm?id=640808766589&ns=1&abbucket=3
【电竞游戏专用无延迟】无线蓝牙耳机2021年新款入耳式typec充电运动黑科技高端tws超长续航男女适用苹果华为,39.90,4万+人付款,梵蒂尼星之豪专卖店,广东 东莞,https://detail.tmall.com/item.htm?id=645944932779&ns=1&abbucket=3
mifo魔浪s ANC主动降噪蓝牙耳机动铁版TWS真无线运动跑步睡眠耳机游戏不延迟迷你小巧防水高端音质2021年新款,699.00,1000+人付款,魔浪数码旗舰店,广东 深圳,https://detail.tmall.com/item.htm?id=657238446194&ns=1&abbucket=3
倍思蓝牙耳机ANC主动降噪真无线双耳运动无延迟S1入耳式适用于苹果12华为小米iPhone手机超长待机续航5.0,238.00,3000+人付款,baseus倍思旗舰店,浙江 杭州,https://detail.tmall.com/item.htm?id=634915732386&ns=1&abbucket=3
2021年新款蓝牙耳机双耳适用于xiaomi小米11/10/9/8无线6x红米k40入耳式八SE原装pro青春版note7男女士款正品,48.80,1万+人付款,xlmi旗舰店,广东 深圳,https://detail.tmall.com/item.htm?id=645075051703&ns=1&abbucket=3
天顺通T-21适用oppo苹果安卓3.5mm 智能通话带麦入耳手机耳机,2.69,100+人付款,天明贸易商行,广东 东莞,https://click.simba.taobao.com/cc_im?p=%B6%FA%BB%FA&s=1779163475&k=589&e=cg2%2BJYfYhhLiJ8X5n7UcNdMBhRwFdLEsA3gXfInsXqwqzcbFiS%2BiqhNhr6USdFPgZ%2BTYVqZD0%2FYMrG0EYyjl0jLyJwmeJqAj2imS0CxqGC8fXv3Bz3X859DIJexXNu3uHFUv2e1lSxaATspYbYgFFfvYXr7AYv4rJo8r3VzPEjPmzAwzC5ell4mxJH%2FPUO1fn7YvlA2EE4zmPeqQmlnWZU4OVDmO8Rg5FoEf5ILOOVlJqyxNCCA4bzqiHzMPZXc0IlWL1Kofv%2F3GQwcesn0ZmryGvU4VaXatkgUfqg6fHPGCEHKrIl6G5jJ2%2B4dxzp9IUFeFEvVMA5WxzrxJRRx1KQsQ4X67jeixREz2wEL4rJeYO7s9SaGCE43BzGDSKZ9RTAXwCUAl3hGa4rLwxhM1EJeoFosKUQotsDM%2Bzm%2B0C0h827kgSOuWcc4HEu3LuQxBp8iGWg7W3r8W2fWo6%2Fn49iEbw6nMDTSB9m6RNGtPQdFC6mTuLp%2Bdmp0I2JqEnlXHSPmUSfP3Bb1Sr0VaYl8tDEcLM0QfdZViyr%2B1E4n3siXfsTL8s%2BUhVwxsyw%2BppGeK%2F5XLPUslqS0%3D#detail
【薛之谦联名】漫步者LolliPods dsp版真无线蓝牙耳机适用于苹果安卓小米半入耳式降噪lolliPops超长待机TWS,258.00,300+人付款,漫步者靓敏专卖店,上海,https://click.simba.taobao.com/cc_im?p=%B6%FA%BB%FA&s=1779163475&k=601&e=INHafKLkVjriJ8X5n7UcNdMBhRwFdLEsA3gXfInsXqwqzcbFiS%2BiqhNhr6USdFPgZ%2BTYVqZD0%2FZxOZ5QnkKqY0hy21iqh9PN2imS0CxqGC8fXv3Bz3X859DIJexXNu3uHFUv2e1lSxaATspYbYgFFfvYXr7AYv4rJo8r3VzPEjPmzAwzC5ell4mxJH%2FPUO1fn7YvlA2EE4zmPeqQmlnWZU4OVDmO8Rg5FoEf5ILOOVlJqyxNCCA4b1CK5KXVhhTW3%2BCh%2FQfkEuOMc3mCwQoiQ3N8aTfs8nGts9fasjFO017Rd1I3HDQmD49zhEBKtFu40ALv4yCWOjIMDMDVxMDwoy%2BhHK9Rd7HboOpHRsLPgQHFJAWsg2FKqz6NuQhkxahy4MvYG6Cs%2FNT76%2FSRFRlHEdRKc3GX%2BM95bSuEiBAb5VbMkjq3anpK%2F5xnGwGR8KdExsYOjQInvNTkQzUjTFZMv1G2JMTpNG3AascFOG5IWpepSWLAluZd54jnbWZM%2B35287j%2Ft%2FO2ILR7EAeyqTHQlgYtsB8yyQT4lUApIdLM6S0jZooFuLbOALwU1PEuoFGLXxYJuybIEJjUK1PvfU936g%3D%3D
E18适用安卓有线麦耳塞智能通话调音听歌入耳式手机耳机厂家批发,1.74,700+人付款,blt通讯大批发,广东 惠州,https://click.simba.taobao.com/cc_im?p=%B6%FA%BB%FA&s=1779163475&k=633&e=n7oKvRRBm7riJ8X5n7UcNdMBhRwFdLEsA3gXfInsXqwqzcbFiS%2BiqhNhr6USdFPgZ%2BTYVqZD0%2FZ6hC6E8vyvvoN9%2FXJw02SVpj2DjPIMtzgfXv3Bz3X859DIJexXNu3uHFUv2e1lSxaATspYbYgFFfvYXr7AYv4rJo8r3VzPEjPmzAwzC5ell4mxJH%2FPUO1fn7YvlA2EE4zmPeqQmlnWZU4OVDmO8Rg5pBy5fWCWaVxIPMtG%2FCilwpeMIbNp36GFocIbsrdZ0jm0N3bCXTleMsgXtGcVSPuDy%2F1a0fzevfBWpbAlhMdcsk4sVZeByWRTk4JuekB6KruC8WsWngrhkziYH5V22REl1c1hNARG2KXotQzZUPq3vfnE5I%2BUFDgylzvV64QPFCR%2BMDgb6hnmepBWZg%2FxlDrqnjeIgO0N78yvQEaXKNzHNWUlTNx%2B18AV%2BSva8XfT12bRZf6u%2B4o%2BzBe9rV8qNxHGvknb3dDZpGLInpEJfwjQr13paJAKZXgWlSLIPTMi8LoYNCgkVswmcl6rSVHLbf4JJpNOG1JDB44ed%2FTItkA6Ugp9XDufsV2zfOQRlb0ismbCAY9P2bkOrKfqB%2FH%2BoJ%2FY5i6n1UTXHBU2wuSZRxR69g%3D%3D#detail
WH-1000XM4 Sony/索尼 WH-1000XM3 头戴式蓝牙无线降噪耳机 国行,1047.00,600+人付款,zhaxiaohua,上海,https://item.taobao.com/item.htm?id=540336612716&ns=1&abbucket=3#detail
【新品首发】华为Freelace活力版无线蓝牙耳机挂脖式通话降噪跑步运动型超长待机续航官方旗舰店原装正品,269.00,4000+人付款,华为乐畔专卖店,上海,https://detail.tmall.com/item.htm?id=655251064441&ns=1&abbucket=3
【原装正品】ANC主动降噪华强北1562a蓝牙耳机真无线适用于苹果iPhone13三代2021年新款12官方旗舰店3洛达男,135.00,1000+人付款,卡波昂旗舰店,广东 深圳,https://detail.tmall.com/item.htm?id=655206484786&ns=1&abbucket=3
Apple/苹果 AirPods2单只耳机补配1二代左右耳充电盒全新国行Pro3,138.00,2000+人付款,全心全意,上海,https://item.taobao.com/item.htm?id=639455850641&ns=1&abbucket=3#detail
【双11专享】Beats Studio Buds 真无线主动降噪蓝牙耳机入耳式,1099.00,1万+人付款,beats官方旗舰店,广东 深圳,https://detail.tmall.com/item.htm?id=647765004436&ns=1&abbucket=3
漫步者Lollipods PLUS 蓝牙耳机真无线半入耳式新款运动型通话降噪lollipops升级适用于苹果华为小米安卓通用,299.00,7000+人付款,漫步者讯声专卖店,上海,https://detail.tmall.com/item.htm?id=636007762142&ns=1&abbucket=3
【24期免息】Sony/索尼 WF-1000XM4 真无线蓝牙降噪耳机入耳式 降噪豆 主动降噪 1000XM3升级,1699.00,500+人付款,sony嘉诚世纪专卖店,北京,https://detail.tmall.com/item.htm?id=643261561080&ns=1&abbucket=3
JBL C260TWS蓝牙耳机无线运动原装长待机续航立体声通话入耳式,449.00,7000+人付款,jbl耳机旗舰店,浙江 杭州,https://detail.tmall.com/item.htm?id=651820947705&ns=1&abbucket=3
唐麦 W9蓝牙耳机真无线运动半入耳无延迟游戏降噪适用于苹果华为oppo小米vivo高端男女士款高音质2021年新款,199.00,1万+人付款,唐麦旗舰店,广东 深圳,https://detail.tmall.com/item.htm?id=640779101555&ns=1&abbucket=3
【薇垭推荐】蓝牙耳机运动型无线挂耳式久戴不痛高端降噪跑步专用2021年新款骨传导超长续航适用华为男女士款,98.00,3000+人付款,myduke旗舰店,广东 深圳,https://detail.tmall.com/item.htm?id=654070340855&ns=1&abbucket=3
蓝牙耳机无线双耳适用华为苹果oppo小米vivo女士女生款可爱2021年新款高颜值卡通高端运动型跑步原装正品降噪,98.00,4000+人付款,碧君数码专营店,广东 深圳,https://detail.tmall.com/item.htm?id=651823606421&ns=1&abbucket=3
隐形蓝牙耳机无线迷你看不见2021年新款男女士款超级微小型最小巧,98.00,4000+人付款,天天特卖工厂店,浙江 杭州,https://detail.tmall.com/item.htm?id=654032302070&ns=1&abbucket=3
Sony/索尼 WH-1000XM3 无线蓝牙降噪头戴式耳机XM2 三代正品大法,1479.00,500+人付款,蔡婷婷19930506,上海,https://item.taobao.com/item.htm?id=562474079284&ns=1&abbucket=3#detail
蓝牙耳机无线2021年新款适用华为p40原装正品p30女士款mate40pro男款高端typec充电nova8高级音质荣耀50专用7,118.00,6000+人付款,伽克斯数码专营店,广东 深圳,https://detail.tmall.com/item.htm?id=649884742427&ns=1&abbucket=3
Huawei/华为FreeBuds Pro无线耳机蓝牙降噪入耳式FreeBudsPro原装,595.00,1000+人付款,yliun88,广东 深圳,https://item.taobao.com/item.htm?id=638740319938&ns=1&abbucket=3#detail
适用huawei/华为真无线蓝牙耳机2021新款原装正品运动降噪高颜值,78.00,1万+人付款,天天特卖工厂店,浙江 杭州,https://detail.tmall.com/item.htm?id=646268416646&ns=1&abbucket=3
华强北悦虎洛达1562a/m/f2.1/慧联A6三代顶配牛原壳版豪锐耳机诺,228.00,2000+人付款,zjwushifeng,广东 深圳,https://item.taobao.com/item.htm?id=643457761919&ns=1&abbucket=3#detail
蓝牙耳机原装正品适用华为苹果oppovivo2021年新款无线运动型超长续航挂脖式入耳式男女士款高音质华强北专用,99.00,6000+人付款,scolib旗舰店,广东 深圳,https://detail.tmall.com/item.htm?id=652206729015&ns=1&abbucket=3
骨传导蓝牙耳机游泳跑步无线运动型骨传感2021年新款不入耳挂脖式挂耳久戴不痛降噪男女超长续航适用于华为,169.00,4000+人付款,港行先锋数码专营店,广东 深圳,https://detail.tmall.com/item.htm?id=650733960027&ns=1&abbucket=3
无线蓝牙耳机颈挂脖式入耳2021年新款超长待机续航运动型跑步typec充电男女士款适用于华为苹果oppo小米vivo,99.00,1万+人付款,精华鑫数码专营店,广东 深圳,https://detail.tmall.com/item.htm?id=641881697845&ns=1&abbucket=3
EDIFIER/漫步者 HECATE G4幻彩RGB版电脑有线带麦耳机头戴式吃鸡专用电竞游戏重低音降噪USB接口官方原装正品,259.00,2000+人付款,漫步者官方旗舰店,上海,https://detail.tmall.com/item.htm?id=652879304804&ns=1&abbucket=3
Redmi AirDots2真无线蓝牙耳机小米官方旗舰店红米适用苹果华为,99.00,5万+人付款,小米官方旗舰店,北京,https://detail.tmall.com/item.htm?id=589581435161&ns=1&abbucket=3
EDIFIER/漫步者 LolliPods无线蓝牙耳机真无线双耳入耳式耳塞运动,178.00,1万+人付款,漫步者官方旗舰店,上海,https://detail.tmall.com/item.htm?id=607045118633&ns=1&abbucket=3
【直营国行】Apple/苹果 AirPods2代原装无线蓝牙正品 全国联保,998.00,1000+人付款,天猫国际进口超市国内现货,上海,https://detail.tmall.com/item.htm?id=628669398075&ns=1&abbucket=3
[下拉领天猫券减80 券后1519元起]Apple/苹果AirPods Pro无线蓝牙耳机 原装国行Phone手机入耳式运动主动降噪,1629.00,300+人付款,翼天下天翼电信旗舰店,江苏 南京,https://detail.tmall.com/item.htm?id=607155837058&ns=1&abbucket=3
华为FreeBuds4有线充真无线蓝牙耳机舒适降噪强劲续航新品上市,899.00,2000+人付款,华为官方旗舰店,广东 深圳,https://detail.tmall.com/item.htm?id=651009776283&ns=1&abbucket=3
Huawei/华为经典耳机CM33 type-c接头适配华为p20耳机原装正品,99.00,8000+人付款,华为官方旗舰店,广东 深圳,https://detail.tmall.com/item.htm?id=560253761916&ns=1&abbucket=3
小米降噪耳机Pro无线主动降噪蓝牙小米官方旗舰店FlipBuds Pro,799.00,1000+人付款,小米官方旗舰店,北京,https://detail.tmall.com/item.htm?id=643598127176&ns=1&abbucket=3
SENNHEISER/森海塞尔 MOMENTUM 2 真无线二代降噪蓝牙耳机入耳式,1389.00,200+人付款,天猫国际进口超市,浙江 杭州,https://detail.tmall.com/item.htm?id=655596026221&ns=1&abbucket=3
华为FreeBuds4无线蓝牙耳机原装正品降噪半入耳式运动freebudspro,616.00,700+人付款,kisslove010,广东 深圳,https://item.taobao.com/item.htm?id=645189896693&ns=1&abbucket=3#detail
【热销爆款 宝可梦联名】漫步者LolliPods皮卡丘真无线蓝牙耳机半入耳式适用于苹果华为lollipops2021年新款,349.00,1000+人付款,漫步者靓敏专卖店,上海,https://detail.tmall.com/item.htm?id=625300066745&ns=1&abbucket=3
网易 云音乐蓝牙耳机真无线入耳式运动降噪耳麦适用于华为苹果通用单双耳防水隐形超长待机高音质游戏耳塞式,149.00,1万+人付款,网易旗舰店,浙江 杭州,https://detail.tmall.com/item.htm?id=600997174864&ns=1&abbucket=3
蓝牙耳机真无线ANC主动降噪适用苹果12三代airpodspro华强北洛达1562a顶配3原装iphone11正品专用2021年新款,358.00,4000+人付款,yeshowclub海外旗舰店,香港 新界,https://detail.tmall.com/item.htm?id=642547851925&ns=1&abbucket=3
蓝牙耳机真无线洛达1562a适用于苹果12ANC主动降噪pro3代华强北2021年新款三代高端iPhone13入耳式xr超长续航,185.00,7000+人付款,优谨数码旗舰店,广东 深圳,https://detail.tmall.com/item.htm?id=650805203569&ns=1&abbucket=3
轩浦适用原装正品苹果耳机有线iPhone13/X/6s/12手机11入耳式8/i7p/xsmax/XR/plus/pro扁头lightning耳塞ipad,27.80,5万+人付款,轩浦旗舰店,广东 深圳,https://detail.tmall.com/item.htm?id=640908775484&ns=1&abbucket=3
十盏灯 N11无线监听耳机主播耳返降噪双立体声挂脖式直播声卡套装全套录音棚专用舞台演出电脑户外入耳式通用,308.00,1000+人付款,十盏灯旗舰店,广东 深圳,https://detail.tmall.com/item.htm?id=650741628641&ns=1&abbucket=3
唐麦 W0无线蓝牙耳机入耳式无感延迟单双耳运动跑步超长待机隐形适用华为苹果oppo小米vivo安卓女生款可爱,169.00,3000+人付款,唐麦旗舰店,广东 深圳,https://detail.tmall.com/item.htm?id=617407196789&ns=1&abbucket=3
【薇垭推荐】原装正品无线蓝牙耳机适用huawei/华为p30/p40pro入耳式mate40/30/20荣耀V10超长待机8续航nova7,68.00,5000+人付款,汉霸旗舰店,广东 深圳,https://detail.tmall.com/item.htm?id=646494275491&ns=1&abbucket=3
不入耳无线蓝牙耳机2021年新款骨传导挂耳式久戴不痛运动型跑步专用高端迷你男女士款适用于苹果华为小米oppo,149.00,2000+人付款,monsterair旗舰店,广东 广州,https://detail.tmall.com/item.htm?id=655770935584&ns=1&abbucket=3
Disney/迪士尼联名F2无线蓝牙耳机运动型半入耳式typec充电2021年新款适用苹果华为男女士女生款降噪超强续航,139.00,3000+人付款,星科数码专营,广东 东莞,https://detail.tmall.com/item.htm?id=656880830793&ns=1&abbucket=3
【1号0点抢半价】华为FreeBuds Pro无线蓝牙耳机4骨声纹主动降噪入耳式运动耳机超长续航原装官方正品旗舰店,999.00,3000+人付款,华为乐畔专卖店,上海,https://detail.tmall.com/item.htm?id=626870242309&ns=1&abbucket=3
E18适用安卓有线麦耳塞智能通话调音听歌入耳式手机耳机厂家批发,1.74,700+人付款,blt通讯大批发,广东 惠州,https://click.simba.taobao.com/cc_im?p=%B6%FA%BB%FA&s=387221184&k=633&e=07MQpkjm6FP2xDvWCBnnzxN6UJgjD8HqpgcIITnoDJO5BsyVcZdeSGVKLu60%2FG19VdDassz4wD7Zuc8Sq2pDpcPKa7H9D5f1YeHO39IYqOR7XM%2FkG83dpc7oAGug0vj8%2BZkMZ2APmjWKMjkaEIYV9j8ZKTrNOQQarqJkGTFl0kTuAMS6wGZMxu6RWrVGrnnhl31QFyzPs2%2BZl34Zf%2Bpnsn4ExSJ%2BkwgPAqHeB0hL42w0rh%2BbRa37WmvQCdUidl3vjmcFUc2YSZivZFEEdTCmmiy8fE06fbaIghX9f7TxAblRkBP8QYwDhxLsLMiA5pcKrH33eSaKmZjDxJ4PHAJsCBfLsGCfRLIV6C%2BOKpViWAYq8tpyXKOsWDsNv9oafYrV74V%2BcMFOlEcbqmn03n%2FSRtNy8MHBDTDmwbBCHF4bLxRKg6uo3QyUITIhhnXFEVhqllBBQVG2lGs6ofL2%2FXPOAH5yaOGcYt%2FQwbszeprtT1ILe3ROZ8kYtHBzkofxk2YiHGk7Nc%2BStWeX%2BuLj%2BOUs66Mco59xovIWYjmuaW%2F82tomGr877JQB9RZCjii54yQZnFo07r3Mu%2FOMk9DbJRyjrLFUrkHtuTMzrzzitptHM%2FvcwYbkFJdYfA%3D%3D#detail
【24期免息】Sony/索尼 IER-Z1R 圈铁混合耳机动铁入耳式Hifi耳机4.4平衡适合WM1A/1Z,13599.00,5人付款,金索数码专营店,湖北 武汉,https://click.simba.taobao.com/cc_im?p=%B6%FA%BB%FA&s=387221184&k=685&e=Xs7JhbSfomz2xDvWCBnnzxN6UJgjD8HqpgcIITnoDJO5BsyVcZdeSGVKLu60%2FG19WJoBJ2Hy%2Bzorx3kFQHQQm7sNzA3X3xmtYeHO39IYqOR7XM%2FkG83dpc7oAGug0vj8%2BZkMZ2APmjWKMjkaEIYV9j8ZKTrNOQQarqJkGTFl0kTuAMS6wGZMxu6RWrVGrnnhl31QFyzPs2%2BZl34Zf%2BpnsmK%2BBlrNfpLY74C3%2BBwFTycmKUnOOCbnubApp0IexveY3NaKfzmYmcaD5l6dRnTxu%2BplqL1wE39CYtynHtGq0YqYmjTprYR59WG5PR0AXXm5Tv4VPMaq5NKyxtcTtXZ4DKvtDzqorkGWqg0QtHOiMD4BDlA61veZ66qOrhUM2I%2Fk2Eqqs7NTcrSgGigHlsTYfV%2FVZ1TXs4PoX1rTp%2FkpG%2BGQM95UgF%2F4%2FyD5Q7xvPXzwvG9BV0oSm%2Fz7o75ulXuT3e%2BAt%2FgcBU8nJilJzjgm57k%2BlF368qqCOgKh3gdIS%2BNsmb6PJSXd2oLuSiTbNH8cFLk2u1niUiYFqDpYxU7Y%2FsYzpQlqmwi%2Ba52bNsmb4Knxv7b7qOjKxrFe5sjMw0oUKJ1p%2BO%2F0SYXr0PXGH5fvpFeF0HNoqkPm%2BkCaB0NJ1fFj53lbUIAbZ9jKAiPOO2aElMt7DAsdCCrleP5wZOSyVT8%3D
【热销爆款 宝可梦联名】漫步者LolliPods皮卡丘真无线蓝牙耳机半入耳式适用于苹果华为lollipops2021年新款,349.00,1000+人付款,漫步者靓敏专卖店,上海,https://click.simba.taobao.com/cc_im?p=%B6%FA%BB%FA&s=387221184&k=601&e=rPrjoF2qLET2xDvWCBnnzxN6UJgjD8HqpgcIITnoDJO5BsyVcZdeSGVKLu60%2FG19VdDassz4wD5gUAExCaEFlGUqREEjlIVk%2BDDfbexsiG97XM%2FkG83dpc7oAGug0vj8%2BZkMZ2APmjWKMjkaEIYV9j8ZKTrNOQQarqJkGTFl0kTuAMS6wGZMxu6RWrVGrnnhl31QFyzPs2%2BZl34Zf%2Bpnsn4ExSJ%2BkwgPoj5rcVUwNJiaGAnjRa%2BUiLb6WigqRgv9VjqnclihZe5vmZbsQVQkOjVQP%2F%2BfqhlEncYf20shl4o6b7xbS4RmFnxL9m2YNfhYnmXlCu01cb5hBhAhrRBCVL1NnDDcufT%2BEL6S%2B%2BA08jtKyTxGUSUDzKS80RkNlhPzpALQzyvnSkQaIf1e30PT6EB8L9W7ceHXjC22169ZOpB15URuOmSwKN9C1VLAAjGtpsq1v4z%2BW34y6qC2boKF33no6LO7cg9Flde2qWj8Zvngcjva2ckFa1mw02dZYE3ePTAez0%2BGuSBJhNnLJfJVpenqJ4hnPEhYzL6AMoXerUWBMv0TJnobjthb2TjvbrvTvZnbEpJpsLOc75Fh4vz5sw%3D%3D
Disney/迪士尼联名F2无线蓝牙耳机运动型半入耳式typec充电2021年新款适用苹果华为男女士女生款降噪超强续航,139.00,3000+人付款,星科数码专营,广东 东莞,https://detail.tmall.com/item.htm?id=656880830793&ns=1&abbucket=3
【1号0点抢半价】华为FreeBuds Pro无线蓝牙耳机4骨声纹主动降噪入耳式运动耳机超长续航原装官方正品旗舰店,999.00,3000+人付款,华为乐畔专卖店,上海,https://detail.tmall.com/item.htm?id=626870242309&ns=1&abbucket=3
SONGX真无线蓝牙耳机2021年新款降噪高端适用华为苹果索尼oppo三星vivo小米入耳式运动跑步女男高级原装正品,299.00,2000+人付款,onefire万火旗舰店,广东 广州,https://detail.tmall.com/item.htm?id=644610495078&ns=1&abbucket=3
【anc主动降噪】适用华为蓝牙耳机无线typec充电2021年新款p40原装正品高端oppo小米vivo荣耀入耳式电竞男款,169.00,2000+人付款,瑞佩特数码专营店,广东 深圳,https://detail.tmall.com/item.htm?id=653890340947&ns=1&abbucket=3
洛达1562a无线蓝牙耳机三代华强北ANC主动降噪2021年新款高端适用苹果华为运动型男官方旗舰店正品超长续航,139.00,1万+人付款,jokzun旗舰店,广东 深圳,https://detail.tmall.com/item.htm?id=646620958582&ns=1&abbucket=3
酷狗M3蓝牙无线耳机挂脖式运动型颈挂式30小时长续航待机男女士款,139.00,4000+人付款,kugou旗舰店,广东 广州,https://detail.tmall.com/item.htm?id=600964690207&ns=1&abbucket=3
漫步者Z2 plus真无线蓝牙耳机5.2半入耳式2021年新款高端男款女士款typec充电十大品牌,299.00,2000+人付款,漫步者春堤专卖店,江苏 苏州,https://detail.tmall.com/item.htm?id=649515891258&ns=1&abbucket=3
【华为正品】华为freelacepro无线蓝牙耳机挂脖式pro双重主动降噪入耳式运动超长待机续航环境音透传原装正品,599.00,3000+人付款,华为翼天宏专卖店,广东 深圳,https://detail.tmall.com/item.htm?id=624996400122&ns=1&abbucket=3
AfterShokz韶音AS600骨传导蓝牙耳机运动无线不入耳骨传感挂耳式,498.00,2000+人付款,aftershokz旗舰店,广东 深圳,https://detail.tmall.com/item.htm?id=528567826384&ns=1&abbucket=3
【官方正品 顺丰速发】华为FreeBuds4i无线蓝牙耳机骨声纹主动降噪入耳式运动跑步超长续航官方旗舰店,499.00,1000+人付款,华为上乘专卖店,广东 广州,https://detail.tmall.com/item.htm?id=638721131891&ns=1&abbucket=3
漫步者W800BT PLUS无线蓝牙耳机头戴式电脑音乐有线耳麦游戏手机降噪学生k歌超长续航带麦2021年新款w820nb,189.00,3000+人付款,漫步者鑫生专卖店,上海,https://detail.tmall.com/item.htm?id=540956139289&ns=1&abbucket=3
鼎族真无线蓝牙耳机华强北洛达1562m二代2021年新款适用苹果华为tws入耳式运动高颜值女士款男高端降噪iPhone,138.00,8000+人付款,鼎族旗舰店,广东 深圳,https://detail.tmall.com/item.htm?id=652675349723&ns=1&abbucket=3
漫步者W800BT PLUS蓝牙耳机头戴式无线有线降噪耳麦学生电脑台式笔记本带话筒麦戴头式2021年新款音乐w820nb,189.00,2000+人付款,漫步者上海专卖店,上海,https://detail.tmall.com/item.htm?id=635510125634&ns=1&abbucket=3
三星Galaxy Budsprolive无线蓝牙buds2 pro budslive入耳降噪耳机,570.00,700+人付款,vi小xiao,广东 广州,https://item.taobao.com/item.htm?id=611849185927&ns=1&abbucket=3#detail
Apple/苹果 AirPods pro无线蓝牙耳机2单只补配左右单耳原装3全新,358.00,900+人付款,全心全意,上海,https://item.taobao.com/item.htm?id=611647097824&ns=1&abbucket=3#detail
【11.1号0点抢半价】华为FreeBuds4i无线蓝牙耳机主动降噪入耳式pro跑步运动官方旗舰新款超长续航原装正品,499.00,1000+人付款,华为五洲联鑫专卖店,广东 深圳,https://detail.tmall.com/item.htm?id=638747259873&ns=1&abbucket=3
真蓝牙耳机无线12pro双耳11专用7plus8p适用iPhone苹果xsmax华强北超长xr待机男女士2021年新款塔菲克【406】,59.00,1万+人付款,苏宁易购官方旗舰店,广东 深圳,https://detail.tmall.com/item.htm?id=652300984413&ns=1&abbucket=3
诺西T5真无线蓝牙耳机2021年新款入耳式男女士款跑步运动降噪迷你超长续航双耳高音质适用于华为苹果,69.90,8000+人付款,诺西旗舰店,广东 深圳,https://detail.tmall.com/item.htm?id=646514259895&ns=1&abbucket=3
Apple/苹果 Airpods PRO 单只左耳右耳补配充电仓耳机airpodspro3,358.00,1000+人付款,混口饭吃容易吗,广东 深圳,https://item.taobao.com/item.htm?id=655084565545&ns=1&abbucket=3#detail
蓝牙耳机真无线双耳高端2021年新款适用于华为苹果oppo小米vivo半入耳式隐形运动型跑步女士款男超长待机续航,39.90,6万+人付款,创致伟业电器专营店,广东 东莞,https://detail.tmall.com/item.htm?id=625979762686&ns=1&abbucket=3
【官方正品 顺丰包邮】华为Freelacepro无线蓝牙耳机挂脖入耳式主动降噪环境音透传运动听歌长续航官方旗舰店,499.00,2000+人付款,华为上乘专卖店,广东 广州,https://detail.tmall.com/item.htm?id=625295257748&ns=1&abbucket=3
漫步者HECATE GM360双动圈耳机入耳式有线高音质手机typec吃鸡游戏电竞专用重低音听声辩位降噪电脑入耳带麦,119.00,4000+人付款,点点乐数码专营店,广东 广州,https://detail.tmall.com/item.htm?id=599203601848&ns=1&abbucket=3
适用Huawei华为骨传导蓝牙耳机不入耳挂耳脖式无线运动2021年新款,129.00,4000+人付款,天天特卖工厂店,浙江 杭州,https://detail.tmall.com/item.htm?id=646069758989&ns=1&abbucket=3
骨传导蓝牙耳机自带16G内存无线运动型适用于华为跑步游泳专用防水骨传感挂耳脖式双耳不入耳2021年新款男女,269.00,2000+人付款,港行先锋数码专营店,广东 深圳,https://detail.tmall.com/item.htm?id=655002126309&ns=1&abbucket=3
英国sanag骨传导蓝牙耳机带32G内存运动型跑步无线不入耳防水健身2021年新款降噪挂脖挂耳式游泳感适用于华为,328.00,2000+人付款,sanag旗舰店,广东 深圳,https://detail.tmall.com/item.htm?id=656390907050&ns=1&abbucket=3
适用于原装正品华为蓝牙耳机来电报姓名超长待机续航无线单双耳荣耀P403020挂耳式oppo苹果vivo男女开车专用,89.00,6000+人付款,苏嘉购数码专营店,广东 深圳,https://detail.tmall.com/item.htm?id=630587147960&ns=1&abbucket=3
英国sanag不入耳骨传导蓝牙耳机无线双耳运动跑步挂耳挂脖式传感超长待机续航2021年新款高端适用于华为苹果,239.00,2000+人付款,sanag旗舰店,广东 深圳,https://detail.tmall.com/item.htm?id=655626921243&ns=1&abbucket=3
蓝牙耳机真无线适用苹果12promax正品iphone11华强北二代x原装2代2021年新款xr手机8plus男款6官方十二高端7p,125.00,7000+人付款,伽克斯数码专营店,广东 深圳,https://detail.tmall.com/item.htm?id=651660870853&ns=1&abbucket=3
倍思蓝牙耳机真无线入耳式迷你隐形适用于苹果超长待机听歌vivo华为专用运动跑步小型降噪小米双耳紫色大电量,69.00,4万+人付款,倍思正百川专卖店,广东 广州,https://detail.tmall.com/item.htm?id=618789888415&ns=1&abbucket=3
迪士尼粒次方半入耳高端蓝牙耳机真无线可爱女士款卡通高颜值运动联名lesspods萌豆适用于华为苹果OPPO,179.00,3000+人付款,粒次方旗舰店,上海,https://detail.tmall.com/item.htm?id=653433997493&ns=1&abbucket=3
悦虎洛达1562A华强北ANC主动降噪TWS高端无线蓝牙耳机三代适用于12苹果13华为运动男女士2021年新款超长续航,269.00,2000+人付款,恋之丽旗舰店,广东 深圳,https://detail.tmall.com/item.htm?id=657118409054&ns=1&abbucket=3
【顶配洛达1562a悦虎】华强北2021年新款蓝牙耳机pro三代3真无线适用苹果正品二代官方旗舰店四代ANC主动降噪,268.00,1000+人付款,聆日枫旗舰店,广东 深圳,https://detail.tmall.com/item.htm?id=651653006307&ns=1&abbucket=3
【券后779起】苹果AirPods2代无线蓝牙耳机中国移动官旗/奇立配件,1029.00,3000+人付款,中国移动官方旗舰店,浙江 杭州,https://detail.tmall.com/item.htm?id=596209218205&ns=1&abbucket=3
【24期免息】Apple/苹果AirPods Pro无线蓝牙耳机 原装国行iPhone手机3代耳麦主动降噪运动配无线充电盒,1779.00,700+人付款,翼天下天翼电信旗舰店,江苏 南京,https://detail.tmall.com/item.htm?id=587786308029&ns=1&abbucket=3
EDIFIER/漫步者 MiniBuds真无线音乐便携迷你通话无线蓝牙耳机,199.00,4000+人付款,漫步者官方旗舰店,上海,https://detail.tmall.com/item.htm?id=618703421419&ns=1&abbucket=3
【立即付定金】小米真无线降噪耳机3Pro主动降噪空间音频蓝牙,699.00,2000+人付款,小米官方旗舰店,北京,https://detail.tmall.com/item.htm?id=654519268877&ns=1&abbucket=3
EDIFIER/漫步者 lollipods pro主动降噪蓝牙耳机真无线入耳式运动,359.00,3000+人付款,漫步者官方旗舰店,上海,https://detail.tmall.com/item.htm?id=634073049798&ns=1&abbucket=3
【新品上市】Huawei/华为 FreeLace Pro降噪长续航快充蓝牙耳机,599.00,1000+人付款,华为官方旗舰店,广东 深圳,https://detail.tmall.com/item.htm?id=624163992523&ns=1&abbucket=3
【1号0点抢半价】华为FreeBuds 4i无线蓝牙耳机主动降噪入耳式跑步运动耳机超长续航原装正品官方旗舰店,499.00,3000+人付款,华为乐畔专卖店,上海,https://detail.tmall.com/item.htm?id=638078653636&ns=1&abbucket=3
佰卓有线耳机原装入耳式高音质吃鸡k歌耳麦适用华为vivo索尼oppo苹果专用手机typec电脑圆头游戏电竞降噪女男,128.00,4000+人付款,bizoe佰卓旗舰店,广东 深圳,https://detail.tmall.com/item.htm?id=617134904383&ns=1&abbucket=3
Huawei/华为FreeBuds 4i无线蓝牙耳机主动降噪入耳式通用运动耳塞,289.00,4000+人付款,永信天下,广东 深圳,https://item.taobao.com/item.htm?id=639018459962&ns=1&abbucket=3#detail
E18适用安卓有线麦耳塞智能通话调音听歌入耳式手机耳机厂家批发,1.74,700+人付款,blt通讯大批发,广东 惠州,https://click.simba.taobao.com/cc_im?p=%B6%FA%BB%FA&s=245682617&k=633&e=g4bhm8Ynl73ufLg6piMx7weWZKJjfYW2QsU2H5qpQ008rreh8DdkO2PAhLXPvdFig2aeIhLWMJxKCvrHUZZ%2B7%2FAU%2BLDkE8DihCEXOEES3DRp4PBsi9%2F2QXsnYcGkIxwsFFBhfTSn0ckbkJ0G5AzasU91ltQjG4e6ole6mABX4MySPBdFNs43UkE9heOIry5W9qstzo27qxJ4fiBoSadAEiUjzPKvg7XGz%2BZgxGEvIZX86qCjEGx3tg%2BvzYI58txxbQEiF09YOADWDW9yBtP7Vmk70gM29gGD%2B9y1Z6icRobxVp936hwyYX4jXmOoaTPIZkeDpervjQdQDwAKL5k%2FTV8PaayHZg8%2F0N3Hhnh7QBLEii9TZ5OBxjw3KjJkTvyfCRaG1I%2BBBLPpKAt3%2Fx9KdDI7PfZs4vgH0maC8dGII%2FS3wV1Gs%2FZu4dnp%2FIU6qNNYPUVOpjU5llTjGB%2BklHFicbteBOxOJzx8%2F1d8%2Fcv2OcGDw44yt4m4MGB9z5ij%2BGL5w1%2FSG4ozJbDc2kpI8awwz353mvqYv%2FUa8%2FE17NTPNHDkSMYBuFk3HSrxC7ZozqBpFnCMhcH1N4MF0xeBA2qBI1rfolN1LNluLPuqvarKxN%2BD1OkC3if7ww%3D%3D#detail
【薛之谦联名】漫步者LolliPods dsp版真无线蓝牙耳机适用于苹果安卓小米半入耳式降噪lolliPops超长待机TWS,258.00,300+人付款,漫步者靓敏专卖店,上海,https://click.simba.taobao.com/cc_im?p=%B6%FA%BB%FA&s=245682617&k=601&e=XMwB9ZPSMAbufLg6piMx7weWZKJjfYW2QsU2H5qpQ008rreh8DdkO2PAhLXPvdFig2aeIhLWMJxwMpxN45CZ1CppbzcAjiD3xm6M6NlKaVFp4PBsi9%2F2QXsnYcGkIxwsFFBhfTSn0ckbkJ0G5AzasU91ltQjG4e6ole6mABX4MySPBdFNs43UkE9heOIry5W9qstzo27qxJ4fiBoSadAEiUjzPKvg7XGkEradA%2B0mJFhNq3lN33MzoDjVXzUrxmteFFhvNsFepaQXp8%2FgvzgXByNscTmRg9srV9K8mo5%2FTEmSZQFz9sXLMe8ajoZbOqfYwMdF9kC4%2B7wVtgrghGIQ6jgFCoR0PCHOOY72JNVpwtZhvCPojEu2I5Ev%2FBjTZd4x3jm0a30QarqgdKY54PVYQOO52BMQZk0BDm7WoWwxTZkubmkzHqUxiX5UYxPJIEKNfX9SKni%2F%2F880s3cHJT8gI%2BeCN06tvVyTMKEXTrM1%2FHsVENgbGe77HdnWwCNIk70n9Nly%2BWYiK%2FS8getuaWppR8Jb569GH9kIB1qMPktbbY405h35YLztd%2B7VGnH2gR41X7mzDMnRSvryF3nino2MQ%3D%3D
漫步者TO-U2有牧名无线蓝牙耳机女生入耳式女士可爱复古降噪生日礼物适用苹果iPhone13华为小米2021年新款,349.00,2000+人付款,漫步者靓敏专卖店,上海,https://click.simba.taobao.com/cc_im?p=%B6%FA%BB%FA&s=245682617&k=601&e=rzh0JZRi4%2FPufLg6piMx7weWZKJjfYW2QsU2H5qpQ008rreh8DdkO2PAhLXPvdFig2aeIhLWMJxwMpxN45CZ1HEnl4WHDFLGxm6M6NlKaVFp4PBsi9%2F2QXsnYcGkIxwsFFBhfTSn0ckbkJ0G5AzasU91ltQjG4e6ole6mABX4MySPBdFNs43UkE9heOIry5W9qstzo27qxJ4fiBoSadAEiUjzPKvg7XGkEradA%2B0mJFhNq3lN33MzoDjVXzUrxmtqXNxKfLZydVPC42aY8NXl00QbZEEMNvBIPJyrsTohdoVt%2FCfwnZVTlj0x9CCbvhqgi2OXlYOMFTwVtgrghGIQ6jgFCoR0PCHOOY72JNVpwtZhvCPojEu2I5Ev%2FBjTZd4x3jm0a30Qar7qgOjGw%2FGGESkVXiIPx0uBDm7WoWwxTaSpeSBfZaIjQCQ%2BDqvKhQvKwMT5MjxPjWrDJaX7MqCKmuQ7o1uC42rBgXAj6OWuVgpb%2FKlELDbdHg7QDl0VQ6vpmY%2F6vjOajIRl2G%2FLD%2FI2JfTyFZP73N%2BgXkgh0jdOe1FrolMg5USWnxmfMcHxIsRFRxiOSBwfcbFBpY04EtxvQ%3D%3D
漫步者TO-U2有牧名无线蓝牙耳机女生入耳式女士可爱复古降噪生日礼物适用苹果iPhone13华为小米2021年新款,349.00,2000+人付款,漫步者靓敏专卖店,上海,https://detail.tmall.com/item.htm?id=627063770377&ns=1&abbucket=3
Bose QuietComfort Earbuds 无线消噪耳塞真无线蓝牙降噪耳机大鲨,2299.00,400+人付款,蔡婷婷19930506,上海,https://item.taobao.com/item.htm?id=637633974280&ns=1&abbucket=3#detail
QCY T8无线蓝牙耳机双耳半入耳式运动跑步车载通话通用超长续航,79.90,2万+人付款,qcy旗舰店,广东 东莞,https://detail.tmall.com/item.htm?id=618156540282&ns=1&abbucket=3
Apple苹果12/13原装耳机iPhone7/8plus/xr/xsmax/11pro扁头正品EarPods耳塞ipad入耳式有线Lightning官方线控,118.00,4000+人付款,广美尚数码专营店,广东 深圳,https://detail.tmall.com/item.htm?id=654761628963&ns=1&abbucket=3
漫步者入耳式真无线蓝牙耳机双耳迷你隐形超长续航高音质可爱降噪男女生防水运动跑步有母哐罩道裎锢衿,349.00,1000+人付款,漫步者静听专卖店,上海,https://detail.tmall.com/item.htm?id=627316330106&ns=1&abbucket=3
蓝牙无线耳机双耳适用苹果iPhone12pro/11/x/7p/8/xr/xs max入耳式专用2021年新款超长待机senhomtog原装正品,39.90,1万+人付款,senhomtog旗舰店,广东 深圳,https://detail.tmall.com/item.htm?id=653177143213&ns=1&abbucket=3
原装正品耳机有线适用苹果iPhone13/12/11/X/XR/7/8/plus/xs/max/pro入耳式ipad耳塞lightning扁头senhomtog,38.00,1万+人付款,senhomtog旗舰店,广东 深圳,https://detail.tmall.com/item.htm?id=646042757339&ns=1&abbucket=3
Apple/苹果 Airpods PRO3主动降噪 无线蓝牙耳机 三代 airpodspro,1358.00,1000+人付款,wy1689999,上海,https://item.taobao.com/item.htm?id=649337036463&ns=1&abbucket=3#detail
韶音AfterShokz AS800骨传导蓝牙耳机无线不入耳运动跑步Aeropex,1298.00,700+人付款,zhongliping188,上海,https://item.taobao.com/item.htm?id=603209467271&ns=1&abbucket=3#detail
蓝牙耳机无线适用苹果11二代iPhone12通用华强北2代原装正品tws高端女士款xs超长续航入耳式2021年新款高音质,118.00,6000+人付款,丰乔数码专营店,广东 深圳,https://detail.tmall.com/item.htm?id=653134532538&ns=1&abbucket=3
蓝牙耳机无线适用于苹果12小米iPhone11华为洛达1562a华强北耳机降噪耳机通用三代入耳式高音质续航待机,148.00,3000+人付款,聪朗旗舰店,广东 深圳,https://detail.tmall.com/item.htm?id=640252025783&ns=1&abbucket=3
蓝牙耳机无线适用于苹果12四代ANC主动降噪华为iPhone13半入耳式2021年新款4华强北3三代pro久戴不痛洛达1562,185.00,3000+人付款,优谨数码旗舰店,广东 深圳,https://detail.tmall.com/item.htm?id=651742578847&ns=1&abbucket=3
QCY T13真无线蓝牙耳机入耳塞式单双耳运动跑步音乐通话超长续航,109.90,8000+人付款,qcy旗舰店,广东 东莞,https://detail.tmall.com/item.htm?id=644687061141&ns=1&abbucket=3
蓝牙耳机真无线适用iPhone11苹果13华强北airpods二代2悦虎洛达1562m原装12半入耳式正品专用airpodspro三代3,328.00,4000+人付款,yeshowclub海外旗舰店,香港 香港岛,https://detail.tmall.com/item.htm?id=651526379816&ns=1&abbucket=3
真无线蓝牙耳机适用华为入耳式正品P20P30通用mate40荣耀超长待机nova5男女士高端2021年新款塔菲克[406],59.00,7000+人付款,苏宁易购官方旗舰店,上海,https://detail.tmall.com/item.htm?id=651684516339&ns=1&abbucket=3
小度主动降噪智能耳机Pro 奔跑吧同款入耳式真无线耳机蓝牙耳机,499.00,1000+人付款,小度旗舰店,北京,https://detail.tmall.com/item.htm?id=651217514532&ns=1&abbucket=3
【顺丰包邮】联想TG01蓝牙耳机真无线游戏电竞2021年新款Typec充电高端男款超长续航无延迟适用于华为苹果,169.00,3000+人付款,义吉隆数码专营店,上海,https://detail.tmall.com/item.htm?id=656469355264&ns=1&abbucket=3
倍思蓝牙耳机真无线运动无延迟适用于苹果华为游戏小米vivo双耳w04超长待机续航oppo半入耳式mate30降噪粉色,158.00,4万+人付款,baseus倍思旗舰店,浙江 杭州,https://detail.tmall.com/item.htm?id=614144485639&ns=1&abbucket=3
听声者 A10大电量蓝牙耳机typec充电2021年新款无线运动超长待机续航颈挂脖式入耳式男女士款适用于华为苹果,99.00,5000+人付款,听声者旗舰店,广东 广州,https://detail.tmall.com/item.htm?id=642592385517&ns=1&abbucket=3
真无线蓝牙耳机入耳式双耳运动型男女生款女士2021年新款征骑兵适用苹果华为vivo小米oppo华强北续航超长高端,39.90,3万+人付款,征骑兵旗舰店,广东 深圳,https://detail.tmall.com/item.htm?id=623333023685&ns=1&abbucket=3
【顺丰当天发】华为freebuds4i无线蓝牙耳机原装正品降噪入耳式,291.00,3000+人付款,kisslove010,广东 深圳,https://item.taobao.com/item.htm?id=649138111766&ns=1&abbucket=3#detail
酷狗M2蓝牙无线耳机运动32小时超长续航半入耳式2021年男女士新款,109.00,5000+人付款,kugou旗舰店,广东 广州,https://detail.tmall.com/item.htm?id=645127022400&ns=1&abbucket=3
真无线蓝牙耳机2021年新款重低音高端入耳式续航超长待机男女士运动型跑步适用华为苹果vivo小米oppo耳塞品牌,88.00,1万+人付款,绿果儿数码专营店,广东 深圳,https://detail.tmall.com/item.htm?id=644490974494&ns=1&abbucket=3
漫步者HECATE G2头戴式游戏耳机7.1声道电脑吃鸡听声辩位耳麦台式机笔记本USB接口有线线控降噪带麦克风,159.00,3000+人付款,hecate旗舰店,广东 广州,https://detail.tmall.com/item.htm?id=594824969926&ns=1&abbucket=3
【狂甩不掉】运动蓝牙耳机挂脖式2021年新款高端无线跑步颈挂式降噪重低音炮适用苹果华为安卓型网红男款女生,298.00,1000+人付款,linklike旗舰店,广东 深圳,https://detail.tmall.com/item.htm?id=654999835466&ns=1&abbucket=3
华强北悦虎洛达1562a三代二代1562M降噪无线蓝牙耳机纽扣电池虎头,148.00,1000+人付款,乐忠数码,广东 深圳,https://item.taobao.com/item.htm?id=651374981445&ns=1&abbucket=3#detail
漫步者HECATE GM4mini真无线蓝牙耳机双耳降噪入耳式运动跑步游戏电竞低延迟超长待机续航高音质tws1新款,269.00,2000+人付款,漫步者广州专卖店,广东 广州,https://detail.tmall.com/item.htm?id=621904095645&ns=1&abbucket=3
漫步者LolliPods plus蓝牙耳机真无线双耳降噪2021年新款半入耳式超长待机续航lollipopsplus lollipops tws1,339.00,1万+人付款,漫步者上海专卖店,上海,https://detail.tmall.com/item.htm?id=642126581863&ns=1&abbucket=3
Apple/苹果 Airpods PRO 主动降噪3 原装无线蓝牙耳机 airpodspro,1348.00,1000+人付款,深圳_恒波,广东 深圳,https://item.taobao.com/item.htm?id=608342660895&ns=1&abbucket=3#detail
夏新真无线蓝牙耳机tws2高音质高端降噪入耳式运动型高颜值2021年新款男女士适用于苹果vivo华为oppo十大品牌,29.80,10万+人付款,amoi夏新安凯欣专卖店,广东 东莞,https://detail.tmall.com/item.htm?id=562161593312&ns=1&abbucket=3
mifo/魔浪HiFiPods 一圈两铁ANC主动降噪真无线蓝牙耳机hifi音质圈铁入耳式通话听歌高端音乐蓝牙动圈,1099.00,500+人付款,魔浪数码旗舰店,广东 深圳,https://detail.tmall.com/item.htm?id=657028617262&ns=1&abbucket=3
Tezo Spark火花Ⅱ代电竞游戏蓝牙耳机低延迟真无线入耳式运动手游,479.00,1000+人付款,tezo旗舰店,广东 东莞,https://detail.tmall.com/item.htm?id=632810852737&ns=1&abbucket=3
【薇垭推荐】真无线蓝牙耳机适苹果13华为oppo小米vivo2021年新款二代女士高端男运动型入耳式原装正品跑174,118.00,7000+人付款,苏宁易购官方旗舰店,江苏 南京,https://detail.tmall.com/item.htm?id=653424730142&ns=1&abbucket=3
纽曼L1真无线防水蓝牙耳机双耳挂耳式游泳入耳塞式跑步运动防汗水超长待机续航接打电话小米苹果安卓通用,249.00,1000+人付款,纽曼旗舰,广东 深圳,https://detail.tmall.com/item.htm?id=652087272812&ns=1&abbucket=3
【天猫精灵】联想TC08Pro蓝牙耳机无线2021年新款高端入耳式迷你隐形适用于华为苹果超长续航降噪小型女士款,169.00,2000+人付款,新祈源数码专营店,上海,https://detail.tmall.com/item.htm?id=654878188405&ns=1&abbucket=3
爱奇艺蓝牙耳机真无线运动2021年新款高颜值适用于苹果华为小米游戏vivo超长续航待机男款半入耳式女士粉紫色,99.00,2万+人付款,爱奇艺智能硬件影音旗舰店,广东 深圳,https://detail.tmall.com/item.htm?id=652285139317&ns=1&abbucket=3
国行现货 Sony/索尼 WF-1000XM4 真无线蓝牙降噪耳机 降噪豆4代,1549.00,600+人付款,杜永伟2011,上海,https://item.taobao.com/item.htm?id=647208474462&ns=1&abbucket=3#detail
山水 骨传导耳骨传感蓝牙耳机无线运动跑步健身不入耳式狂甩不掉双耳防水超长待机续航手机通用官方原装正品,169.00,2000+人付款,山水远航专卖店,广东 深圳,https://detail.tmall.com/item.htm?id=633481355230&ns=1&abbucket=3
【官方】蓝牙耳机无线高音质降噪适用苹果12华强北三代pro3代二代运动入耳式11原装正品2021年新款13男款华为,138.00,3万+人付款,安芯宝数码专营店,广东 深圳,https://detail.tmall.com/item.htm?id=642159661657&ns=1&abbucket=3
无线蓝牙耳机适用苹果12华为iPhone11小米vivo运动型oppo入耳式8二代7原装正品2021年新款女生女士款男华强北,139.00,1万+人付款,能适旗舰店,广东 深圳,https://detail.tmall.com/item.htm?id=651826590637&ns=1&abbucket=3
漫步者LolliPods plus蓝牙耳机真无线双耳降噪半入耳式超长待机w3续航2021年新款lollipopsplus游戏lollipops,339.00,1000+人付款,漫步者鑫生专卖店,上海,https://detail.tmall.com/item.htm?id=652873322058&ns=1&abbucket=3
E18适用安卓有线麦耳塞智能通话调音听歌入耳式手机耳机厂家批发,1.74,700+人付款,blt通讯大批发,广东 惠州,https://click.simba.taobao.com/cc_im?p=%B6%FA%BB%FA&s=880973659&k=633&e=2oZGMwL%2F0abTDof6MXu5Ky5JD%2B89hFXO86FNcsMTdLBwQPjwuJYGvxbejYAtpd41XL9GJyA5fnAfIwIbgBY1eaGAkhui2wDOaOpObgFso2h40u3zHk90psOjOE6tN1wSxrABTnIopxudcymMd71sqIUjWqeNZ2t2bpvs0bQu12%2BUcZn9S5hkqTZwkXJn99G5RMHf0Sjf9z5hG15kX%2BGDzb2j5hiiGLmRhki3BRJS1gjoiT6aZJN1qwVekQllQsNuFStceVpT2X03RbbHpv0gZpBedyvSdChneaciT2RT9ZETsnlJ%2B1JR6SF2r6iTGXXDZPvicI9ubVqKZZE7azfKXizZ%2B6CiJYwW3GFIzVZqvScC%2FiGeRt%2Bw4yKQyqINSuzFuECvdKgXHRGmp8zfHi782%2Bsa9AL0KXsBaFFXSLAFlyex%2BHFPSrXxePcBJpNJ9NFIb1YpPhU8jv2%2FxjrLT6Lba0vZlaTSrYbBP8TrCZvftDQY1bB2619A5GbJ5eB9OJdr9pIf1trW4MuSTQwS006qScP9J6SUwRzaS8RQ3ORqKIwjz3DsA9k%2FuISLQZIA5gxfDV5FEuDxEf48CqcF%2F5CAjptqGoGqkD149M9Je6wit3wFC7uOCdI3CQ%3D%3D#detail
【薛之谦联名】漫步者LolliPods dsp版真无线蓝牙耳机适用于苹果安卓小米半入耳式降噪lolliPops超长待机TWS,258.00,300+人付款,漫步者靓敏专卖店,上海,https://click.simba.taobao.com/cc_im?p=%B6%FA%BB%FA&s=880973659&k=601&e=yPOT7j51YBzTDof6MXu5Ky5JD%2B89hFXO86FNcsMTdLBwQPjwuJYGvxbejYAtpd41XL9GJyA5fnAAcuFyjZCRSTovmfPVYbtAQuHFNkM9xF940u3zHk90psOjOE6tN1wSxrABTnIopxudcymMd71sqIUjWqeNZ2t2bpvs0bQu12%2BUcZn9S5hkqTZwkXJn99G5RMHf0Sjf9z5hG15kX%2BGDzb2j5hiiGLmRmFZuBEKF9gibbCJliGnnUA%2B8JNyHUXXMdSP2Rs5Bbo1hPNwifiJx5tXWK1HTxHjBNyWohvZgQyohOftpC3OHoG%2FEFNXqxalvAMJvWm7K451RhCfkmgXvKr6y%2BXGxb7iofSIOhP077m6LG66vhyFx%2F5uM947h%2F2YkASC52LDS5I%2BjqBRNHS7Zw2z7HLw3FWl%2BYln8CvyWGpqmOpY75%2Bnsa%2BwV%2F1eHhEt2f8aQFwxSXZnfNKE7qFhVEiT1e4sMAol23smYdzEqEuouQUMKQGrLEpE9JlXDSge47ckAOdVqxqA2HJOGiqDDALlvTLtn%2BdQscuVhfJ5GX93eDJZG0ECapgRwZlFuaB98LMK%2F5GCzAKuVoId7cZeEIg%3D%3D
【热销爆款 宝可梦联名】漫步者LolliPods皮卡丘真无线蓝牙耳机半入耳式适用于苹果华为lollipops2021年新款,349.00,1000+人付款,漫步者靓敏专卖店,上海,https://click.simba.taobao.com/cc_im?p=%B6%FA%BB%FA&s=880973659&k=601&e=rPQ5WlzC2MfTDof6MXu5Ky5JD%2B89hFXO86FNcsMTdLBwQPjwuJYGvxbejYAtpd41XL9GJyA5fnAAcuFyjZCRSQ7TkA0pHnyjQuHFNkM9xF940u3zHk90psOjOE6tN1wSxrABTnIopxudcymMd71sqIUjWqeNZ2t2bpvs0bQu12%2BUcZn9S5hkqTZwkXJn99G5RMHf0Sjf9z5hG15kX%2BGDzb2j5hiiGLmRmFZuBEKF9gibbCJliGnnUA%2B8JNyHUXXMvm9tSw%2Bwk9XTfQgX1ofIuCnUjPWik8CUXTMqWoW%2FUY0d6FJJRbmzactprgTNsAsvymtCn5Q301wF%2FDino7oG4L6y%2BXGxb7iofSIOhP077m6LG66vhyFx%2F5uM947h%2F2YkASC52LDS5I8Ec%2BE9JObD%2FGab8%2BdzyOUfYln8CvyWGpqmOpY75%2BnsaxfGJlDb7XG3QmqB%2BWy0JPDfNKE7qFhVEiT1e4sMAol23smYdzEqEuouQUMKQGrLEpE9JlXDSge47ckAOdVqxqA2HJOGiqDDALlvTLtn%2BdQscuVhfJ5GX93eDJZG0ECapgRwZlFuaB98LMK%2F5GCzAKuVoId7cZeEIg%3D%3D
山水无线跑步运动型蓝牙耳机男女款有线颈挂脖入耳挂耳头戴耳塞式超长待机续航降噪适用于华为苹果2021年新款,49.00,3万+人付款,山水远航专卖店,广东 深圳,https://detail.tmall.com/item.htm?id=586478168713&ns=1&abbucket=3
【游戏专用无延迟】蓝牙耳机无线2021年新款新科技高端电竞吃鸡,79.00,9000+人付款,天天特卖工厂店,浙江 杭州,https://detail.tmall.com/item.htm?id=651412607265&ns=1&abbucket=3
Apple/苹果 Airpods PRO3主动降噪 三代 无线蓝牙耳机 airpodspro,1358.00,2000+人付款,旺隆数码,广东 深圳,https://item.taobao.com/item.htm?id=607110138127&ns=1&abbucket=3#detail
【券后1469起】苹果AirPods Pro蓝牙耳机配件奇立/中国移动官旗,1699.00,800+人付款,中国移动官方旗舰店,浙江 杭州,https://detail.tmall.com/item.htm?id=607121718504&ns=1&abbucket=3
【3期免息】Apple#苹果AirPods2代原装真无线蓝牙耳机 国行入耳式耳麦iPhone13手机配有线充电盒,1018.00,1000+人付款,中国电信官方旗舰店,江苏 南京,https://detail.tmall.com/item.htm?id=602900080408&ns=1&abbucket=3
EDIFIER/漫步者 TWS1无线蓝牙耳机双耳真无线迷你小型隐形入耳式,159.00,2000+人付款,漫步者官方旗舰店,上海,https://detail.tmall.com/item.htm?id=594275735495&ns=1&abbucket=3
EDIFIER/漫步者 LolliPods plus真无线蓝牙运动耳机跑步防尘防水,339.00,2000+人付款,漫步者官方旗舰店,上海,https://detail.tmall.com/item.htm?id=630416991737&ns=1&abbucket=3
漫步者lollipods pro蓝牙耳机主动降噪真无线双耳入耳式lollipops 2021年新款lollipopspro女士款男款nb2pro,379.00,2000+人付款,漫步者上海专卖店,上海,https://detail.tmall.com/item.htm?id=638854394382&ns=1&abbucket=3
适用于苹果13耳机有线iPhone11/12pro手机X/XR/7/8plus/xsmax/6s/入耳式线控ipad耳塞lightning原配古尚古,48.00,5000+人付款,苏宁易购官方旗舰店,江苏 南京,https://detail.tmall.com/item.htm?id=655160750950&ns=1&abbucket=3
【11.1号0点抢半价】HUAWEI/华为FreeBuds4i华为耳机无线蓝牙耳机3主动降噪骨声纹入耳式超长续航,499.00,1000+人付款,华为乐之途专卖店,广东 深圳,https://detail.tmall.com/item.htm?id=642279268241&ns=1&abbucket=3
新款Apple/苹果 AirPods2代二代无线蓝牙耳机国行iPhone 3代Pro新,748.00,1000+人付款,wy1689999,上海,https://item.taobao.com/item.htm?id=640151251969&ns=1&abbucket=3#detail
漫步者HECATE GX04 ANC主动降噪蓝牙耳机【电竞游戏低延迟】入耳式真无线运动2021年新款正品适用于苹果华为,339.00,1000+人付款,漫步者广州专卖店,广东 广州,https://detail.tmall.com/item.htm?id=654392039209&ns=1&abbucket=3
2021年新款无线蓝牙耳机适用苹果华强北双耳入耳式华为iphone11/12二代pro华为8超长待机vivo降噪原装7正品x,49.80,1万+人付款,尔野数码专营店,广东 深圳,https://detail.tmall.com/item.htm?id=637938015244&ns=1&abbucket=3
原装正品耳机适用华为type-c/p20/p30/p40pro有线高音质入耳式nova9/7/64专用mate20荣耀50se手机接口v30正版,29.90,2万+人付款,亮东方益盟专卖店,广东 深圳,https://detail.tmall.com/item.htm?id=639609707181&ns=1&abbucket=3
【1号0点抢半价】华为FreeLace Pro无线蓝牙耳机挂脖式主动降噪通透长续航入耳式运动跑步骨声纹官方正品旗舰,599.00,1000+人付款,华为乐畔专卖店,上海,https://detail.tmall.com/item.htm?id=625293461437&ns=1&abbucket=3
Sony/索尼 WF-1000XM4 真无线蓝牙降噪耳机降噪豆运动耳麦塞四代4,1538.00,300+人付款,世博家园00,上海,https://item.taobao.com/item.htm?id=647646643818&ns=1&abbucket=3#detail
【顺丰包邮】索爱A1 真无线蓝牙耳机2021年新款入耳式运动跑步高端颜值超长待机续航男女士款适用于华为苹果,89.00,1万+人付款,索爱恒先专卖店,上海,https://detail.tmall.com/item.htm?id=613972768016&ns=1&abbucket=3
适用苹果13/12/11有线耳机Pro有线控X手机XR/iPhone8splus入耳式MAX耳塞lightning原配7扁头6mini974,58.00,5000+人付款,苏宁易购官方旗舰店,广东 深圳,https://detail.tmall.com/item.htm?id=656332325770&ns=1&abbucket=3
英菲克i12x真无线蓝牙耳机2021年新款高端适用华为苹果oppo小米vivo超长续航typec充电运动型男女士款入耳式,39.90,10万+人付款,英菲克英乐网视专卖店,广东 深圳,https://detail.tmall.com/item.htm?id=641823048522&ns=1&abbucket=3
蓝牙耳机真无线ANC主动降噪适用华强北airpodspro三代3洛达悦虎1562A顶配原装苹果13正品高端续航超长12专用,468.00,2000+人付款,yeshowclub海外旗舰店,香港 香港岛,https://detail.tmall.com/item.htm?id=650258230468&ns=1&abbucket=3
Sony/索尼WF-1000XM4真无线蓝牙耳机主动降噪耳塞四代降噪豆耳麦,1538.00,300+人付款,酷玩影音,上海,https://item.taobao.com/item.htm?id=646960421726&ns=1&abbucket=3#detail
真无线蓝牙耳机适用苹果13二代iPhone12原装正品2021年新款降噪,108.00,7000+人付款,天天特卖工厂店,浙江 杭州,https://detail.tmall.com/item.htm?id=655750050884&ns=1&abbucket=3
联想HE05x无线运动型跑步蓝牙耳机男款颈挂脖入耳挂耳头戴式超长续航适用于华为苹果2021年新款高颜值女士款,69.00,4万+人付款,星科数码专营,广东 东莞,https://detail.tmall.com/item.htm?id=601961115917&ns=1&abbucket=3
Apple/苹果 AirPods2代单只补配Pro耳机右耳充电盒仓左耳二代单耳,146.00,2000+人付款,苦工的店,上海,https://item.taobao.com/item.htm?id=649081990218&ns=1&abbucket=3#detail
Bose博士消噪耳塞真无线蓝牙降噪耳机麦主动降噪运动耳机大鲨鱼鳍,2199.00,2000+人付款,bose旗舰店,上海,https://detail.tmall.com/item.htm?id=627273007901&ns=1&abbucket=3
Apple/苹果 AirPods2单只耳机补配右耳充电盒仓左耳1代二代单耳3,148.00,5000+人付款,苦工的店,上海,https://item.taobao.com/item.htm?id=548966246918&ns=1&abbucket=3#detail
真无线蓝牙耳机双耳适用苹果华为iphone12oppo小米vivo2021年新款降噪三代3运动二代2华强北5.0洛达1562a,119.00,3000+人付款,icuui旗舰店,福建 福州,https://detail.tmall.com/item.htm?id=598744249071&ns=1&abbucket=3
蓝牙耳机颈挂脖式真无线降噪游戏运动跑步适用于华为iphone苹果小米oppo久戴不痛女vivo入耳式超长待机高音质,68.00,1万+人付款,tridea旗舰店,广东 深圳,https://detail.tmall.com/item.htm?id=640616318101&ns=1&abbucket=3
漫步者w820nb蓝牙耳机头戴式无线主动降噪手机电脑耳麦电竞游戏音乐k歌带麦2021年新款w800bt超长续航运动860,399.00,4000+人付款,漫步者上海专卖店,上海,https://detail.tmall.com/item.htm?id=648511228978&ns=1&abbucket=3
漫步者W820NB蓝牙耳机头戴式主动降噪无线耳麦电脑运动音乐游戏电竞手机K歌带麦860超机续航2021年新款w800bt,399.00,6000+人付款,漫步者鑫生专卖店,上海,https://detail.tmall.com/item.htm?id=648817681834&ns=1&abbucket=3
联想LP80半入耳式高端蓝牙耳机真无线男款电竞游戏运动型typec充电适用华为苹果女士款高颜值2021年新款科技,99.00,5000+人付款,星科数码专营,广东 东莞,https://detail.tmall.com/item.htm?id=649161649825&ns=1&abbucket=3
悦虎三代洛达1562A蓝牙耳机适用华强北airpodspro二代airpods2代3,188.00,1000+人付款,tb100007278,广东 深圳,https://item.taobao.com/item.htm?id=646226120297&ns=1&abbucket=3#detail
迪士尼品牌 半入耳高端蓝牙耳机 正品真无线可爱女士款隐形卡通高颜值typec充电运动型适用于华为苹果联名D10,129.00,3000+人付款,利高维特数码专营店,广东 广州,https://detail.tmall.com/item.htm?id=652907979147&ns=1&abbucket=3
Apple/苹果 Airpods PRO 主动降噪无线蓝牙耳机 三代 airpodspro,1339.00,400+人付款,隐河通讯,广东 深圳,https://item.taobao.com/item.htm?id=656549797637&ns=1&abbucket=3#detail
漫步者LolliPods Pro真无线蓝牙耳机主动降噪2021年新款双耳入耳式适用于苹果安卓lollipopspro,379.00,1000+人付款,漫步者靓敏专卖店,上海,https://detail.tmall.com/item.htm?id=638867542364&ns=1&abbucket=3
Apple/苹果 AirPods Max 头戴降噪耳机 airpodsmax 国行现货 闪送,3358.00,100+人付款,酷爱apple,上海,https://item.taobao.com/item.htm?id=556453650516&ns=1&abbucket=3#detail
Huawei/华为freelacePro无线蓝牙耳机运动挂脖入耳式正品降噪通用,349.00,1000+人付款,无印良品noo,广东 深圳,https://item.taobao.com/item.htm?id=625356360897&ns=1&abbucket=3#detail
主动降噪森麦音魔魔鬼猫蓝牙耳机头戴式无线耳麦索尼手机通用音乐,599.00,800+人付款,森麦旗舰店,上海,https://detail.tmall.com/item.htm?id=584916421222&ns=1&abbucket=3
YUANS园世X18Pro骨传导无线蓝牙耳机运动跑步游泳健身不入耳一体式自带8G内存8级防水防汗2021年新款骨传感,256.00,1000+人付款,园世旗舰店,湖北 武汉,https://detail.tmall.com/item.htm?id=642081735444&ns=1&abbucket=3
蓝牙耳机骨传导无线不入耳挂耳式久戴不痛2021年新款单耳男女运动跑步开车专用超长待机续航适用华为苹果三星,79.00,5000+人付款,兰士顿旗舰店,广东 深圳,https://detail.tmall.com/item.htm?id=652833013783&ns=1&abbucket=3
蓝牙耳机无线2021年新款适用于华为小米苹果女士款运动跑步高端oppo超长待机vivo小双耳入耳式久戴不痛大电量,188.00,1000+人付款,tridea旗舰店,广东 深圳,https://detail.tmall.com/item.htm?id=642637693246&ns=1&abbucket=3
E18适用安卓有线麦耳塞智能通话调音听歌入耳式手机耳机厂家批发,1.74,700+人付款,blt通讯大批发,广东 惠州,https://click.simba.taobao.com/cc_im?p=%B6%FA%BB%FA&s=502447039&k=633&e=wCS30IczwZ450yvrqGRFOFzrEu1QABOgko%2FD4FzJZUwVeRyZJDQ8kHdXMvXEIKwfUwviI%2FyTzr2oFflzoiclduQEhcYWqr%2F1GerYv251Fo%2BYzsKx32zALUN%2BiMjf4iBdKzZcvmRZy39BVn9bYsb5n9fTs%2FA5iw%2FTfilhxTx%2BgNTDWOr2gWTwVas9Vee%2BBXLVU%2B2ITdpcVTJCcrTxwjln%2BzGSVRqcUCdCZsOxhQ%2Fa9t%2B98f4XAd4CIXi4UK2ecF%2BKYOG78X1ooiF16MfdPQuxMZTcDCyZ1XS3lXJdKYqJoTaD54iEYr%2FYyUeyz5mmMQhfNp1q%2BT0MnGeaYdHMIdaQTXa6lL2%2FO94lhgHPVmVwsgaNZB71jbzt4iT1BCSO0wWDvznQ3cpPXuwH4N4YSzDfaf5zOcsQ5Hs8YoXzDhl6GDh1zMZicb%2FIv3fZ8QPwxc0hrTNk%2FggraWW62KJ1paBoN%2FBwuNrr8jJRV0oskXClq5at95fc%2B7Dk%2BBlYxrtLoyXm29GsghkJRnXj%2BTAr%2F%2F4bhCwE9pfwJfkyjEnT7YEuZTw%2BMTqQri6QYTIBjXBbtSC4vti0GNwpWSK8S55boaw%2FvZ8kKO9t7L3AUErWeTor82ZxiruxHKdGJQ%3D%3D#detail
天顺通T-21适用oppo苹果安卓3.5mm 智能通话带麦入耳手机耳机,2.69,100+人付款,天明贸易商行,广东 东莞,https://click.simba.taobao.com/cc_im?p=%B6%FA%BB%FA&s=502447039&k=589&e=JdiQZc%2FcKXE50yvrqGRFOFzrEu1QABOgko%2FD4FzJZUwVeRyZJDQ8kHdXMvXEIKwfUwviI%2FyTzr2WzVJjWbPRhFps1ZdHY7%2FiBk7rcW1Ra7eYzsKx32zALUN%2BiMjf4iBdKzZcvmRZy39BVn9bYsb5n9fTs%2FA5iw%2FTfilhxTx%2BgNTDWOr2gWTwVas9Vee%2BBXLVU%2B2ITdpcVTJCcrTxwjln%2BzGSVRqcUCdCEEFvHi4AK0oam4l%2F1o6cEsgsmWn1rukaq3j5mILNLgU7lPYS9UDPPN7PgmEHKmQf2UHTSmffi0cIjG%2B5pDAGgU6m4eQguvQZmoatJeWxrfE%2BJ2umg5Yfkf1G%2BZk9Wp7twSSOhig2sV1UN8aCv45zbQ69PqM2nm2MMfvbOPWBU%2FC3OVs%2BTq29gbPaFzH1PVmHRDNwdF6AUwZSoTuGj00GCqQHKOQOgUS%2BcqKhNLkPjUXtlx420j5AiGEJyUoRHadlU9uPNxt1h0G%2BqlAr8E3E%2Bk%2BEH7XE4p%2Fv%2FZBnNZ%2BRkmgcYdMqp1dspdSS%2FqroYM7PrB7ySl7SXsEzz52c0%2BhQVgmue2Pf%2FiJE3QoBVrpAGQA%3D#detail
【薛之谦联名】漫步者LolliPods dsp版真无线蓝牙耳机适用于苹果安卓小米半入耳式降噪lolliPops超长待机TWS,258.00,300+人付款,漫步者靓敏专卖店,上海,https://click.simba.taobao.com/cc_im?p=%B6%FA%BB%FA&s=502447039&k=601&e=lqkWIsEfIfQ50yvrqGRFOFzrEu1QABOgko%2FD4FzJZUwVeRyZJDQ8kHdXMvXEIKwfUwviI%2FyTzr1mNCNNRCuO2ATK3VbXz3wUBk7rcW1Ra7eYzsKx32zALUN%2BiMjf4iBdKzZcvmRZy39BVn9bYsb5n9fTs%2FA5iw%2FTfilhxTx%2BgNTDWOr2gWTwVas9Vee%2BBXLVU%2B2ITdpcVTJCcrTxwjln%2BzGSVRqcUCdCEEFvHi4AK0oam4l%2F1o6cEkkxyQG0A%2FoNOQryu4QZIpv%2FBICIFPvsBqA1c9X1%2FsXOql3urXClUC0PsBxHhNvrjYEi9SNGqE7qrroCjLs7Ea6yXe%2BdCOjj9pW%2FdOskMB6hS2Emx90wN7rCEhY8jwy4PAi1Evp8XI%2BgU0%2FG1vjMEhWRHA%2BpH9gBWiRPAp0DDV0aE3vKG%2FNb4zGXZxW9Bz7bl6zJvjm6cqJ0MyGLLApCuwbw4L0lv3vjpxi%2Bof5Oo5QHpzHba5%2FllVWwXBqqp6Qaco3mIwxYDhe4JY9m1tI1Q84EJ8GaBtfvPKMo9Q2cWo5%2FsDqJw94gVcdhvc97cb87GHZevRkAz8JiB1ycC2Pi9IqciPAaJdR2vA%3D%3D
三星 Galaxy Buds Pro【顺丰速发】Samsung 真无线降噪蓝牙耳机,999.00,900+人付款,三星官方旗舰店,北京,https://detail.tmall.com/item.htm?id=636455618538&ns=1&abbucket=3
【新品首发】Linklike蓝牙耳机无线2021年新款高端高音质无延迟降噪黑科技真适用于苹果13华为男款正品高品质,395.00,1000+人付款,linklike旗舰店,广东 深圳,https://detail.tmall.com/item.htm?id=649493532929&ns=1&abbucket=3
艾米尼/UFO蓝牙耳机挂耳式单耳无线蓝牙超长待机续航司机开车专用运动跑步华为苹果通用车载手机高端电话,169.00,2000+人付款,aminy旗舰店,广东 深圳,https://detail.tmall.com/item.htm?id=523161499413&ns=1&abbucket=3
漫步者声迈X3 plus蓝牙耳机入耳式双耳无线运动跑步隐形迷你小型超长待机适用于安卓苹果小米华为男女通用TWS,154.00,3000+人付款,漫步者宏通专卖店,上海,https://detail.tmall.com/item.htm?id=653897571195&ns=1&abbucket=3
网易 云音乐ME08蓝牙耳机无线蓝牙入耳式适用于华为苹果降噪运动隐形高音质耳机挂耳超长待机耳麦耳塞,179.00,2000+人付款,网易旗舰店,浙江 杭州,https://detail.tmall.com/item.htm?id=630331130786&ns=1&abbucket=3
中云蓝牙耳机zone真无线运动无延迟适用于苹果xs华为小米vivo双耳超长待机续航oppo半入耳式荣耀降噪原装官网,156.00,2000+人付款,哲诚数码专营店,广东 深圳,https://detail.tmall.com/item.htm?id=653061596974&ns=1&abbucket=3
无线监听耳机声卡直播蓝牙主播专用耳麦专业游戏户外抖音带货实时耳返颈挂式神器入耳式录音pm接收n3唱歌挂脖,308.00,1000+人付款,青灰数码专营店,广东 深圳,https://detail.tmall.com/item.htm?id=652910981873&ns=1&abbucket=3
【游戏专用无延迟】蓝牙耳机无线2021年新款电竞高端降噪高音质超长续航适用于华为oppo小米vivo苹果男款吃鸡,79.00,4000+人付款,myduke旗舰店,广东 深圳,https://detail.tmall.com/item.htm?id=654528809962&ns=1&abbucket=3
华为耳机原装正品typec有线正版手机Type-C接口入耳式p40/20/50pro mate40/30/nova5/6/78Pro原配cm33荣耀v30,84.00,6000+人付款,乐购风数码专营店,广东 深圳,https://detail.tmall.com/item.htm?id=561066413784&ns=1&abbucket=3
【顺丰包邮】华为freelace活力版无线蓝牙耳机半入耳式挂脖式运动原装正品通用2021年新款颈挂式降噪,269.00,1000+人付款,华为翼天宏专卖店,广东 深圳,https://detail.tmall.com/item.htm?id=655356316196&ns=1&abbucket=3
妖舞猫耳耳机3G 头戴式无线蓝牙电脑电竞少女游戏吃鸡主播同款,698.00,700+人付款,妖舞旗舰店,广东 深圳,https://detail.tmall.com/item.htm?id=625017272185&ns=1&abbucket=3
【享6期免息】一加OnePlus Buds Pro无线蓝牙降噪耳机OPPO售后,799.00,1000+人付款,一加官方旗舰店,广东 东莞,https://detail.tmall.com/item.htm?id=651464182140&ns=1&abbucket=3
真洛达1562a无线蓝牙耳机华强北三代pro降噪高端2021年新款适用苹果11iphone12/13运动型男款正品3代超长续航,298.00,1000+人付款,安芯宝数码专营店,广东 深圳,https://detail.tmall.com/item.htm?id=657105347749&ns=1&abbucket=3
隐形蓝牙耳机迷你真无线2021年新款超级微小型女士生款小巧入耳式高颜值看不见男单双耳适用小米华为苹果最小,58.00,4000+人付款,深圳楚天数码专营店,广东 深圳,https://detail.tmall.com/item.htm?id=655977451156&ns=1&abbucket=3
兰士顿 D4重低音炮四核双动圈耳机入耳式耳塞K歌HiFi手机通用男女有线高音质吃鸡苹果电脑耳麦游戏带麦挂耳式,59.00,7000+人付款,兰士顿旗舰店,广东 深圳,https://detail.tmall.com/item.htm?id=571181533306&ns=1&abbucket=3
Apple/苹果 AirPods2代 原装蓝牙无线耳机airpods3三代iPhone耳机,738.00,3000+人付款,深圳_恒波,广东 深圳,https://item.taobao.com/item.htm?id=570694990636&ns=1&abbucket=3#detail
蓝牙耳机真无线适用于苹果iPhone双耳2021年新款半入耳式华强北2二代洛达3降噪原装高端三代正品tws男女款974,208.00,5000+人付款,苏宁易购官方旗舰店,广东 深圳,https://detail.tmall.com/item.htm?id=652808844688&ns=1&abbucket=3
蓝牙耳机真无线适用于华为p40手机mate30苹果Pro20安卓2021年新款荣耀typec充电原装正品降噪女士款金运1049,138.00,6000+人付款,苏宁易购官方旗舰店,江苏 南京,https://detail.tmall.com/item.htm?id=654419044116&ns=1&abbucket=3
【直营国行】Apple/苹果 AirPods Pro耳机三代原装正品 全国联保,1698.00,200+人付款,天猫国际时尚直营,浙江 杭州,https://detail.tmall.com/item.htm?id=629486310293&ns=1&abbucket=3
Apple/苹果 AirPods2 单只补配耳机二代左耳右耳充电仓Pro3代单耳,228.00,1000+人付款,混口饭吃容易吗,广东 深圳,https://item.taobao.com/item.htm?id=653847247129&ns=1&abbucket=3#detail
真无线蓝牙耳机入耳式超长续航2021年新款typec接口充电高端降噪跑步运动型男女士款适用于华为苹果oppo正品,79.00,4000+人付款,myduke旗舰店,广东 深圳,https://detail.tmall.com/item.htm?id=655312009176&ns=1&abbucket=3
【续航9H】悦虎三代洛达1562A/M华强北ME蓝牙耳机airpodspro二代3,166.00,1000+人付款,成都专注女鞋,广东 深圳,https://item.taobao.com/item.htm?id=651488920920&ns=1&abbucket=3#detail
【薇垭推荐】2021年新款无线蓝牙耳机适用苹果iPhone12pro/11/x入耳式xsmax超长待机8华强北7p高端xr双耳女士,83.00,3000+人付款,bs数码配件旗舰店,上海,https://detail.tmall.com/item.htm?id=654900154647&ns=1&abbucket=3
Sony/索尼 WH-1000XM4 高解析度头戴式无线降噪耳机 1000XM3,1699.00,200+人付款,杜永伟2011,上海,https://item.taobao.com/item.htm?id=634265940906&ns=1&abbucket=3#detail
漫步者TWS1 Pro蓝牙耳机真无线双耳降噪入耳式隐形超长待机续航迷你运动跑步游戏2听歌5品牌w3 w2 lollipops,279.00,1000+人付款,漫步者上海专卖店,上海,https://detail.tmall.com/item.htm?id=632216577683&ns=1&abbucket=3
漫步者HECATE GM4真无线蓝牙耳机双耳入耳式游戏电竞运动音乐降噪超长待机适用于华为苹果小米安卓通用tws1,259.00,1000+人付款,漫步者音派专卖店,广东 广州,https://detail.tmall.com/item.htm?id=604244530407&ns=1&abbucket=3
AfterShokz韶音 AS800骨传导蓝牙耳机旗舰店运动跑步无线openmove,998.00,400+人付款,t_1506766610568_0718,北京,https://item.taobao.com/item.htm?id=654716364326&ns=1&abbucket=3#detail
Apple/苹果iPhone 12 13 Pro原装线控耳机采用闪电接头的 EarPods,138.00,2000+人付款,天猫超市,上海,https://detail.tmall.com/item.htm?id=612657209773&ns=1&abbucket=3
飞智银狐X1游戏蓝牙耳机真无线运动吃鸡专业电竞无延迟降噪入耳式2021新款高音质HIFI适用于黑鲨小米苹果,399.00,1000+人付款,flydigi飞智旗舰店,广东 深圳,https://detail.tmall.com/item.htm?id=646487898332&ns=1&abbucket=3
语梵F1 英语四六级听力耳机四级调频FM考试4级六级46级公共三级专四专八大学专用蓝牙耳麦专业头戴式收音机,25.90,1万+人付款,语梵影音旗舰店,广东 深圳,https://detail.tmall.com/item.htm?id=630562493275&ns=1&abbucket=3
【双11预售】Beats Studio3 Wireless无线蓝牙降噪头戴式耳机,1608.00,600+人付款,beats官方旗舰店,广东 深圳,https://detail.tmall.com/item.htm?id=558900125598&ns=1&abbucket=3
无线蓝牙耳机iPhone迷你跑步运动X双耳入耳式单耳隐形7小型8p安卓通用适用小米苹果华为女生款可爱超长待机11,49.80,7000+人付款,gusgu古尚古专卖店,上海,https://detail.tmall.com/item.htm?id=598337229598&ns=1&abbucket=3
适用huawei华为真无线蓝牙耳机双耳入耳式2021年新款男女士荣耀mate30运动型高端降噪原装正品p20p30p40nova5,39.90,2万+人付款,征骑兵旗舰店,广东 深圳,https://detail.tmall.com/item.htm?id=648718657889&ns=1&abbucket=3
无线蓝牙耳机超长续航男女款待机可爱双耳运动入耳挂耳式开车专用跑步适用华为女士苹果2021新款十大品牌听歌,22.81,2万+人付款,梦隆得数码专营店,广东 深圳,https://detail.tmall.com/item.htm?id=626080488440&ns=1&abbucket=3
【双11预售】Beats POWERBEATS PRO 真无线 高性能运动蓝牙耳机,1478.00,700+人付款,beats官方旗舰店,广东 深圳,https://detail.tmall.com/item.htm?id=594572481181&ns=1&abbucket=3
蓝牙耳机无线蓝牙2021年新款适用苹果12华为oppo小米vivo运动降噪半入耳式女士款typec充电真无线女生款可爱,128.00,3000+人付款,信购数码配件专营店,广东 深圳,https://detail.tmall.com/item.htm?id=645188004373&ns=1&abbucket=3
Sony/索尼 WH-1000XM4国行XM3头戴式无线蓝牙主动降噪运动耳机,2299.00,300+人付款,索恋品牌店,上海,https://item.taobao.com/item.htm?id=637247205060&ns=1&abbucket=3#detail
适用Apple/苹果蓝牙耳机无线高音质降噪官方二代三代iPhone13华强北pro2运动入耳式11原装正品2021年新款华为,139.00,1000+人付款,信优云数码专营店,广东 深圳,https://detail.tmall.com/item.htm?id=655573721415&ns=1&abbucket=3
2021年新款真无线蓝牙耳机运动型适用小米oppo华为vivo安卓iphone通用微小型单耳迷你挂耳式入耳男女士款可爱,19.90,8万+人付款,幽炫数码专营店,广东 东莞,https://detail.tmall.com/item.htm?id=595653059936&ns=1&abbucket=3
【热销爆款】漫步者LolliPods有目罾堆蓝机半入耳式真无线双耳降噪女生款可爱适用于苹果华为lolipops plus,288.00,1000+人付款,漫步者靓敏专卖店,上海,https://detail.tmall.com/item.htm?id=610820581992&ns=1&abbucket=3
英国sanag骨传导蓝牙耳机带16G内存运动型跑步2021年新款无线不入耳痛超长续航感挂耳挂脖式双耳降噪男女游泳,279.00,1000+人付款,sanag旗舰店,广东 深圳,https://detail.tmall.com/item.htm?id=655172764327&ns=1&abbucket=3
